2.52696,3.036339,2.843108,3.038452,3.088253,3.013531,3.131794,3.023076,3.05153,3.093142,3.062177,3.053018,3.097679,3.088533,3.00943,0.05610546,-0.9775608,-0.2030445,0
2.533815,3.037972,2.840243,3.034907,3.085422,3.011473,3.136998,3.019584,3.045927,3.091765,3.065968,3.055737,3.101002,3.100627,3.013088,0.05717124,-0.9788193,-0.1965813,0
2.542886,3.037716,2.83255,3.028556,3.076994,3.01641,3.136217,3.009082,3.049738,3.088267,3.060946,3.057619,3.103248,3.104181,3.024402,0.05427224,-0.9797625,-0.1926654,0
2.551813,3.029473,2.884456,3.023781,3.050645,3.009566,3.132617,2.995636,3.059944,3.075479,3.044704,3.064397,3.092304,3.074239,3.014025,0.05794294,-0.9833771,-0.172082,0
2.559198,3.030244,2.880092,3.02739,3.057963,3.016341,3.136495,3.005411,3.057604,3.082893,3.057063,3.064656,3.098448,3.094195,3.022104,0.08176864,-0.980281,-0.1798976,0
2.612003,3.021566,2.915319,3.02583,3.066555,2.996281,3.129019,3.00616,3.046508,3.095046,3.047906,3.05615,3.095696,3.085783,3.016421,0.08144067,-0.9801419,-0.1808015,0
2.587676,3.023302,2.931714,3.016428,3.058089,2.997027,3.131867,3.008198,3.039299,3.089181,3.061735,3.060569,3.108575,3.11161,3.019577,0.08835193,-0.9792773,-0.1822358,0
2.590876,3.02867,2.907938,3.024004,3.058241,3.001662,3.128115,3.009988,3.032701,3.093009,3.055427,3.052647,3.097435,3.10604,3.015125,0.09616058,-0.9794384,-0.1773519,0
2.568821,3.030186,2.97166,3.054136,3.070678,3.006917,3.117769,3.02845,3.041428,3.072381,3.053104,3.054481,3.094004,3.092066,2.994766,0.082014,-0.9777166,-0.1932457,0
2.59396,3.026908,2.98197,3.047298,3.066907,3.008584,3.130066,3.025728,3.037322,3.083636,3.065199,3.052534,3.102427,3.10138,3.001697,0.09295244,-0.974003,-0.2065869,0
2.602645,3.059066,2.950015,3.049579,3.061038,2.999736,3.131865,3.024844,3.027217,3.083248,3.064344,3.044154,3.10121,3.109636,2.998878,0.09821062,-0.9734207,-0.2068982,0
2.591653,3.048819,2.984815,3.051642,3.06856,3.007866,3.1277,3.029218,3.042925,3.08508,3.06327,3.054716,3.095037,3.097392,3.002598,0.08895827,-0.9705966,-0.2236708,0
2.588893,3.040105,2.991157,3.049753,3.074203,3.003864,3.129099,3.032812,3.03791,3.084296,3.063562,3.051184,3.099964,3.099819,2.996336,0.08816745,-0.973442,-0.2112748,0
2.608618,3.037984,3.002181,3.046738,3.065919,3.005031,3.125843,3.02564,3.042354,3.085887,3.05957,3.050848,3.093718,3.097604,2.992131,0.08985017,-0.9758012,-0.1993463,0
2.633132,3.05176,2.978878,3.03822,3.05878,2.999801,3.132181,3.005231,3.042025,3.077794,3.037509,3.041884,3.10421,3.085956,2.996194,0.0931087,-0.9772556,-0.1905313,0
2.638399,3.055534,2.96204,3.039838,3.054788,3.012541,3.130048,2.994955,3.049302,3.074137,3.026823,3.041048,3.104554,3.077982,2.994624,0.08739403,-0.9738238,-0.2098319,0
2.593293,3.051009,2.915893,3.039155,3.053422,3.023156,3.126183,2.988425,3.060807,3.077239,3.034212,3.054151,3.118463,3.096747,3.003781,0.07804501,-0.9751307,-0.2074345,0
2.60077,3.051634,2.888751,3.024852,3.055694,3.018017,3.133028,2.991722,3.064495,3.094299,3.039404,3.04579,3.139133,3.095753,2.996334,0.07964779,-0.9757823,-0.2037276,0
2.60325,3.054462,2.897168,3.029241,3.056329,3.022782,3.12452,2.985848,3.067839,3.09269,3.021455,3.038881,3.123626,3.086379,2.990398,0.07904239,-0.9774173,-0.1959785,0
2.608901,3.04989,2.904347,3.029118,3.064485,3.01779,3.136466,3.001021,3.059727,3.087281,3.037369,3.044446,3.130075,3.093522,2.995047,0.08732179,-0.9739256,-0.2093893,0
2.613602,3.067169,2.912242,3.033922,3.057354,3.019342,3.135552,3.003695,3.05475,3.078556,3.047435,3.039997,3.113866,3.102024,3.009851,0.09775591,-0.9727397,-0.2102884,0
2.597179,3.063256,2.900426,3.027146,3.060404,3.018112,3.135297,3.005981,3.050656,3.084683,3.044142,3.035998,3.114089,3.096804,3.002651,0.0958361,-0.9715012,-0.2167967,0
2.636031,3.058113,2.937605,3.010442,3.066389,3.007516,3.13161,3.006212,3.039334,3.088799,3.046462,3.035441,3.118398,3.101818,2.994518,0.1060899,-0.9756247,-0.1920974,0
2.61465,3.050583,2.970607,3.039697,3.085536,3.017234,3.116766,3.018605,3.040052,3.098379,3.044963,3.032281,3.121373,3.095487,2.969989,0.08733052,-0.9730695,-0.2133285,0
2.618677,3.062806,2.992461,3.044862,3.079705,3.022212,3.128911,3.026927,3.034688,3.084567,3.060149,3.036559,3.107229,3.099602,2.975791,0.09256413,-0.9749285,-0.2023519,0
2.624203,3.058136,2.956223,3.056555,3.093993,3.018385,3.120435,3.043032,3.039636,3.084095,3.064133,3.03684,3.109861,3.10619,2.971856,0.09389377,-0.9712758,-0.2186489,0
2.616638,3.060701,2.991519,3.052307,3.077086,3.0158,3.11513,3.024311,3.047202,3.086708,3.060752,3.038312,3.094627,3.10577,2.977218,0.08605514,-0.9729772,-0.2142658,0
2.619124,3.053475,3.025567,3.042024,3.081856,3.003447,3.120774,3.03643,3.040091,3.085811,3.064909,3.03744,3.094127,3.100729,2.97397,0.08666982,-0.9735071,-0.2115948,0
2.603991,3.053088,2.998734,3.045438,3.064604,3.009841,3.116115,3.02792,3.051169,3.095138,3.060138,3.042608,3.102615,3.099122,2.979448,0.08169879,-0.9746482,-0.2082937,0
2.641337,3.057518,2.989985,3.033326,3.079179,3.023922,3.122477,3.016994,3.052458,3.095919,3.046831,3.039068,3.110421,3.093188,2.97193,0.07333738,-0.9766906,-0.2017353,0
2.599591,3.062101,2.973014,3.041592,3.056554,3.018962,3.116155,3.011782,3.048596,3.084938,3.04711,3.049024,3.100844,3.091179,2.989136,0.08361533,-0.9781857,-0.1901614,0
2.641851,3.058704,2.966931,3.023605,3.066547,3.015558,3.126707,3.00249,3.049703,3.10226,3.03562,3.031578,3.114239,3.088932,2.965482,0.07698174,-0.9781181,-0.1932844,0
2.627315,3.062102,2.946709,3.024757,3.061943,3.024557,3.126305,2.997087,3.058922,3.095573,3.038905,3.039461,3.116921,3.094189,2.978982,0.0845487,-0.975158,-0.20474,0
2.632901,3.069339,2.927836,3.019238,3.058145,3.014145,3.136333,2.993419,3.042303,3.093301,3.040265,3.032779,3.119366,3.098265,2.984457,0.0903564,-0.9759312,-0.1984789,0
2.613258,3.065534,2.934353,3.02048,3.062975,3.010853,3.134384,2.996138,3.052336,3.090921,3.035178,3.039377,3.11957,3.097089,2.988799,0.08585914,-0.9738669,-0.2102652,1
2.62682,3.067638,2.906526,3.021905,3.048344,3.016207,3.1287,2.988826,3.057218,3.079898,3.038977,3.045948,3.117486,3.094025,3.005278,0.09244219,-0.9744276,-0.2048055,1
2.625459,3.069497,2.888671,3.014739,3.047418,3.010841,3.120461,2.98922,3.054904,3.074212,3.043353,3.043542,3.108264,3.097632,3.011415,0.09514136,-0.974479,-0.2033194,1
2.624852,3.067664,2.884955,3.02264,3.049807,3.018255,3.127618,2.982304,3.061788,3.079879,3.033171,3.042855,3.115056,3.090792,3.004642,0.0873252,-0.9730188,-0.213562,1
2.609948,3.062108,2.881236,3.021261,3.047056,3.015185,3.134836,2.985895,3.06009,3.089661,3.039855,3.047958,3.130029,3.098126,2.995888,0.08239636,-0.9737586,-0.2121435,1
2.623767,3.069397,2.887447,3.029427,3.044194,3.018552,3.128815,2.98536,3.05362,3.081113,3.042264,3.042778,3.11409,3.11057,3.004801,0.08994156,-0.9745823,-0.2051825,1
2.600434,3.075362,2.88604,3.022375,3.045439,3.024358,3.121928,2.993068,3.061689,3.078736,3.041487,3.043833,3.11205,3.104658,3.007158,0.09142285,-0.9747716,-0.2036231,1
2.630103,3.071032,2.891611,3.027423,3.05263,3.01466,3.11906,2.989374,3.055855,3.071281,3.038823,3.040093,3.11165,3.103178,3.009149,0.08353885,-0.9739131,-0.2109845,1
2.604626,3.066923,2.927777,3.027029,3.054675,3.014564,3.134879,2.992766,3.059219,3.093538,3.036218,3.040167,3.123111,3.093799,2.988426,0.07242806,-0.9730582,-0.218888,1
2.609609,3.072195,2.890975,3.032734,3.046663,3.020847,3.133773,2.988811,3.062001,3.082154,3.036753,3.040535,3.115167,3.104688,3.008643,0.08453342,-0.975317,-0.2039874,1
2.621523,3.071457,2.904065,3.024222,3.066064,3.010812,3.128882,3.003717,3.063487,3.080284,3.04534,3.041736,3.113312,3.092153,3.005835,0.08093857,-0.972385,-0.2188981,1
2.60219,3.076017,2.853404,3.030331,3.053263,3.0123,3.137922,3.008055,3.062581,3.08193,3.054275,3.046177,3.110176,3.099635,3.016415,0.08128578,-0.9751792,-0.2059566,1
2.558712,3.070929,2.838353,3.018769,3.058563,3.013872,3.132534,3.005293,3.063995,3.091014,3.057,3.049335,3.097971,3.087919,3.01818,0.08366355,-0.9701647,-0.2275544,1
2.576317,3.071997,2.829698,3.012093,3.05685,3.011351,3.129056,3.000364,3.05753,3.089874,3.045116,3.036752,3.114827,3.087679,3.003881,0.08091698,-0.9739091,-0.2120223,1
2.589117,3.068458,2.819111,3.009691,3.051567,3.0061,3.128196,3.000233,3.06557,3.088656,3.054686,3.038914,3.093855,3.087047,3.012262,0.08284759,-0.9722827,-0.2186381,1
2.585266,3.068412,2.822834,3.016576,3.050052,2.999596,3.130807,2.998578,3.054909,3.08507,3.043709,3.033556,3.111466,3.086447,3.010586,0.08028059,-0.9707274,-0.22637,1
2.580719,3.065292,2.822819,3.011983,3.049252,2.996668,3.12594,3.005446,3.059739,3.087703,3.045177,3.033425,3.107038,3.079664,3.005953,0.08794429,-0.9726714,-0.2148864,1
2.565538,3.054739,2.797609,3.010789,3.053704,2.997968,3.122054,3.007708,3.065139,3.087836,3.051151,3.042635,3.107289,3.085459,3.014032,0.08481465,-0.9725909,-0.2165024,1
2.551506,3.052844,2.805166,2.997902,3.045437,2.993158,3.12579,2.994369,3.059699,3.098687,3.035849,3.043694,3.124835,3.082485,3.008837,0.07985617,-0.9751468,-0.2066678,1
2.558005,3.044581,2.782533,3.007406,3.042497,2.997446,3.124122,2.982707,3.074974,3.089863,3.033957,3.051347,3.128644,3.079181,3.015535,0.08575597,-0.9770849,-0.1948102,1
2.566669,3.040658,2.783568,2.995494,3.044586,2.994807,3.119545,2.984637,3.063314,3.098718,3.034087,3.047435,3.131119,3.0817,3.008112,0.07813199,-0.9736596,-0.2142021,1
2.555371,3.029693,2.840145,2.994865,3.047813,2.989544,3.121464,2.984185,3.064959,3.098704,3.030283,3.052957,3.117058,3.074236,2.99784,0.06326857,-0.9835789,-0.169025,1
2.547843,3.022497,2.878643,3.017313,3.032671,2.995946,3.133399,2.971028,3.080873,3.1084,3.011402,3.05164,3.122122,3.068857,3.000809,0.06683485,-0.9834464,-0.1684225,1
2.584524,3.015766,2.925596,3.01124,3.039147,2.990896,3.122725,2.977368,3.075681,3.115404,3.016424,3.050756,3.118003,3.067911,3.005668,0.07576916,-0.9847699,-0.1564841,1
2.593357,3.014414,2.914361,3.005647,3.03201,2.989969,3.123057,2.969278,3.076434,3.111089,3.007931,3.049923,3.115484,3.060669,3.000186,0.07518694,-0.9851477,-0.1543732,1
2.604348,3.00657,2.934578,3.010603,3.051665,3.006457,3.127166,2.979786,3.074509,3.096012,3.017488,3.056686,3.123453,3.062022,3.006001,0.06466077,-0.9868149,-0.1483762,1
2.60741,3.001242,2.92539,3.002587,3.035963,3.010993,3.11775,2.968691,3.082569,3.090428,3.004964,3.054847,3.12478,3.057403,3.009716,0.06232031,-0.9886074,-0.1370097,1
2.599022,2.998317,2.890271,2.991657,3.041396,3.010944,3.116209,2.963066,3.077108,3.075076,2.998807,3.047516,3.10732,3.068241,3.009454,0.06372811,-0.9881585,-0.1395759,1
2.577109,3.003472,2.896863,2.999901,3.034258,3.026221,3.116778,2.959778,3.088879,3.084643,2.986619,3.056118,3.109149,3.07151,3.024116,0.02664798,-0.9930822,-0.1143576,1
2.614072,2.986558,2.793679,2.95261,3.063786,3.00615,3.050495,2.987834,3.036974,3.015103,3.012828,3.021725,3.068825,3.079665,2.995861,0.004054449,-0.9936165,-0.1127375,1
2.638634,2.968049,2.865832,2.951993,3.060396,3.011477,3.049686,2.949628,3.052972,3.010028,2.969626,3.020654,3.022316,3.058556,2.98984,-0.04870728,-0.9918171,-0.1180101,1
2.644827,2.992196,2.777482,2.988669,3.018152,3.038414,3.100322,2.932616,3.092136,3.051039,2.993675,3.06136,3.082447,3.089449,3.043121,-0.1237235,-0.9894295,-0.07564126,1
2.583301,2.937959,2.769382,2.998153,3.023978,3.031622,3.112608,2.933001,3.098898,3.058948,2.991132,3.073628,3.087127,3.075016,3.054073,-0.1783263,-0.9805292,-0.08223176,1
2.573392,2.891939,2.750675,2.970165,3.0292,3.050204,3.095286,2.917131,3.097764,3.042096,2.97583,3.076347,3.095566,3.048965,3.061979,-0.2050884,-0.9759861,-0.07341681,1
2.58829,2.8451,2.772374,2.910871,3.025874,3.012221,3.083581,2.876079,3.052281,3.030365,2.904811,3.048829,3.029641,3.009622,3.055265,-0.23627,-0.9695294,-0.0647243,1
2.586936,2.876395,2.746859,2.947751,3.015568,3.067023,3.098924,2.908868,3.110707,3.036678,2.972798,3.091349,3.064365,3.050809,3.069003,-0.2500215,-0.9666169,-0.05604346,1
2.559473,2.875399,2.756161,2.941983,3.03196,3.074189,3.079865,2.901032,3.089355,3.009273,2.928346,3.073904,3.027837,3.035511,3.053398,-0.1919743,-0.9806398,-0.03861977,1
2.579703,2.903511,2.793351,2.989239,3.020723,3.089697,3.127658,2.875069,3.113847,3.067039,2.892477,3.074547,3.098439,2.993223,3.064263,-0.1431748,-0.9894314,-0.02294523,1
2.703398,2.934669,2.909899,2.939565,3.019723,3.085632,3.085031,2.885843,3.089584,3.04075,2.918451,3.078111,3.003046,3.029368,3.028968,-0.08730561,-0.9961774,0.002877905,1
2.569984,3.011824,2.763385,3.006499,3.077952,3.023538,3.136039,2.94661,3.072393,3.119329,2.922865,3.033432,3.067678,3.063648,3.020455,-0.04374886,-0.995939,-0.07868657,1
2.54912,2.980709,2.798557,2.978991,3.085907,3.010986,3.128614,2.955951,3.078328,3.103626,2.945237,3.058891,3.098155,3.062008,3.025409,-0.009617385,-0.997835,-0.06506032,1
2.587638,2.982276,2.794532,2.963021,3.074829,3.023521,3.107878,2.969005,3.080961,3.087898,2.959394,3.048151,3.131382,3.069011,3.036629,0.0480844,-0.9971089,-0.05883694,1
2.572801,2.963294,2.837218,2.978113,3.050055,3.025159,3.122122,2.953826,3.100991,3.084948,2.977246,3.079474,3.129819,3.042199,3.048557,0.1023062,-0.9924788,-0.06722486,1
2.56394,2.965104,2.884933,2.95875,3.029893,3.045692,3.104819,2.921576,3.10083,3.084472,2.947795,3.09313,3.033428,3.025797,3.048877,0.1921433,-0.9801538,-0.04877976,1
2.521614,2.908289,2.773473,2.96348,3.055958,3.029014,3.118914,2.902803,3.05667,3.069988,2.908884,3.053716,3.031483,3.026225,3.027047,0.1490851,-0.9885462,-0.02345543,1
2.539273,2.919441,2.808218,2.974988,3.06116,3.007207,3.112885,2.888323,3.034809,3.059515,2.900152,3.04221,3.029496,3.018475,3.019757,0.1085171,-0.9940464,-0.009787399,1
2.573376,2.921148,2.77612,2.973404,3.007951,3.023911,3.120269,2.894733,3.090949,3.087576,2.902154,3.068779,3.056361,3.015617,3.038061,0.03338066,-0.9993075,0.01644161,1
2.341304,2.870852,2.957566,2.889856,3.006039,3.094708,3.055022,2.891794,3.065957,3.086551,2.899786,3.094489,3.089059,2.989409,3.072714,-0.1078335,-0.9940934,0.01225438,1
2.307993,2.893135,2.941386,2.918404,3.017038,3.062986,3.077896,2.918945,3.02103,3.044328,2.967675,3.087997,3.042275,3.047552,3.07804,-0.2239007,-0.9728035,0.05934594,1
2.693681,2.843722,3.002851,2.935827,2.953047,3.081541,3.078707,2.833252,3.119175,3.013846,2.920181,3.067424,3.09832,3.0189,3.047091,-0.2775054,-0.9564679,0.09033249,1
2.636067,2.956884,2.850156,2.975603,3.030507,3.06548,3.094479,2.919474,3.110571,3.030516,2.912381,3.059608,3.097917,3.010929,3.062687,-0.2212193,-0.9715165,0.08495715,1
2.683827,2.970896,2.884276,2.935884,2.960819,3.041722,3.065551,2.868816,3.112931,3.007061,2.933022,3.064083,3.096517,3.036448,3.011478,-0.1467128,-0.988952,-0.02120051,1
2.536788,2.975211,2.880097,2.952966,3.121705,2.986582,3.12683,3.010636,3.019133,3.108058,2.955245,2.996994,3.055431,3.048084,2.984443,-0.004033749,-0.9968489,-0.07922042,1
2.587633,2.98514,2.910246,2.922928,3.105835,2.985924,3.10106,3.035073,3.038551,3.110348,3.030175,3.015361,3.030562,3.090559,2.982818,0.09579458,-0.9864706,-0.1330381,1
2.578222,2.971283,2.883473,2.916579,3.087235,2.98246,3.056914,2.988487,3.048411,3.096627,3.04077,3.044623,3.014854,3.08459,2.978696,0.2308273,-0.9382713,-0.2576153,1
2.471793,2.920238,2.841974,2.937528,3.077909,3.004959,3.054284,2.981662,3.037634,3.090525,2.982769,3.049689,3.038162,3.032674,3.004301,0.2256191,-0.9613363,-0.1578878,1
2.501542,2.93507,2.838372,2.959562,3.06015,2.972905,3.071384,2.965671,3.033592,3.042614,2.966596,3.027695,3.020678,3.062223,3.001364,0.1236322,-0.9899576,-0.06855006,1
2.496512,2.913208,2.750925,2.970264,3.02841,3.021727,3.115598,2.91278,3.112124,3.067761,2.960779,3.068794,3.044304,3.071921,3.046872,-0.07003958,-0.9970671,-0.03084818,1
2.666665,2.910351,2.9186,2.952873,3.053342,2.971026,3.067824,2.905222,3.049675,3.037217,2.917036,3.014699,3.01535,3.060138,3.008924,-0.1279399,-0.9915428,-0.02177798,1
2.674511,2.848139,3.020549,2.928368,3.026035,2.974073,3.063897,2.848756,3.04381,3.024141,2.85415,3.036833,2.997571,3.025709,3.011436,-0.19177,-0.9813346,-0.01437775,1
2.592179,2.818212,2.793949,2.918471,2.992007,2.937338,3.100115,2.867937,3.023544,3.093785,2.857893,3.020419,3.011502,3.033003,3.025865,-0.2879159,-0.9572733,0.02706026,1
2.529245,2.799668,2.814332,2.903645,2.970009,3.00982,3.085949,2.830995,3.046862,3.049888,2.860844,3.024028,3.021838,3.017512,3.04285,-0.369544,-0.9290689,0.01637185,1
2.513925,2.827272,2.769777,2.883246,2.937358,3.010843,3.110567,2.862666,3.09111,3.051535,2.937798,3.068094,3.038042,3.065177,3.077646,-0.407566,-0.9114603,0.05594689,1
2.495833,2.865874,2.694006,2.931525,2.981453,3.002637,3.114063,2.871145,3.092319,3.066848,2.903571,3.03774,3.055829,3.039085,3.078793,-0.4325353,-0.9014429,0.01771711,1
2.571743,2.899788,2.961045,2.957536,3.050898,3.050923,3.111889,2.946056,3.050493,3.071591,2.911911,3.030356,3.110457,3.011251,3.049629,-0.3926047,-0.9196169,0.01289784,1
2.636812,2.959493,2.90437,2.959039,3.027086,3.03222,3.091159,2.944243,3.118869,3.032312,2.993635,3.075597,3.077141,3.086932,3.036154,-0.1660185,-0.9853396,-0.03928914,1
2.487706,3.003636,2.915594,2.937577,3.05989,3.041713,3.092511,3.014455,3.049749,3.090772,2.973823,3.02168,3.108552,3.053245,3.018432,-0.05330816,-0.994271,-0.09264671,1
2.516526,2.951935,2.902417,2.957296,3.015352,3.030546,3.127824,2.918694,3.116243,3.065833,2.952333,3.084689,3.082015,3.033937,3.05241,0.1616493,-0.9813983,-0.1035705,1
2.567728,2.954026,2.847338,2.948941,3.04504,3.031349,3.091206,2.924467,3.090767,3.063855,2.950771,3.066485,3.051316,3.038562,3.045159,0.2182103,-0.9701411,-0.1058804,1
2.597434,2.936203,2.930258,2.95926,3.048824,3.052634,3.101406,2.916425,3.096932,3.065695,2.943161,3.077451,3.023945,3.033542,3.052866,0.2635738,-0.9646344,-0.003085449,1
2.596113,2.905386,2.937394,2.956126,3.041001,3.019932,3.095174,2.906401,3.06666,3.065888,2.935072,3.05478,3.031493,3.025176,3.029478,0.2722677,-0.9621459,0.01206517,1
2.574884,2.916095,2.868443,2.965658,3.055671,3.01249,3.105987,2.895917,3.04114,3.055764,2.92363,3.025896,3.003247,3.023888,3.018558,0.25094,-0.9679268,0.01211726,1
2.515651,2.905392,2.870838,2.966604,3.008662,3.001727,3.096961,2.900496,3.08414,3.111763,2.944351,3.082627,3.06079,3.019122,3.065754,0.1509816,-0.9879729,-0.03337897,1
2.617606,2.923098,2.820267,2.958752,3.08216,2.946656,3.072802,2.959066,3.036328,3.063309,2.933416,3.025302,3.021245,3.061504,3.017209,0.06869754,-0.9965077,-0.04746661,1
2.597109,2.92855,2.779514,2.969566,3.086777,2.946011,3.084617,2.96325,3.053463,3.066916,2.930768,3.041983,3.05758,3.056733,3.036355,0.005136079,-0.9978635,-0.06513017,1
2.649623,2.904943,3.000764,2.956258,2.965374,3.013029,3.109656,2.860996,3.078376,3.08186,2.919654,3.074507,3.037151,3.02948,3.042999,-0.1426209,-0.9897493,-0.007455389,1
2.63887,2.825033,2.958017,2.967246,2.958804,3.039069,3.120143,2.806366,3.077784,3.054258,2.840677,3.069334,3.072633,2.963573,3.037525,-0.1908943,-0.9790413,0.07097567,1
2.664686,2.874063,2.961016,2.979817,2.959101,3.047982,3.100112,2.862231,3.114773,3.053358,2.921143,3.090538,3.086271,2.981813,3.051105,-0.2202696,-0.9726245,0.07404728,1
2.652236,2.908611,2.976358,2.962066,2.956518,3.08371,3.100918,2.834203,3.132401,3.036758,2.925351,3.083974,3.05645,3.032148,3.03996,-0.1702712,-0.9798979,0.1039608,1
2.556794,2.985013,2.892635,3.009981,2.997071,3.070487,3.121148,2.915414,3.116219,3.05435,2.898426,3.05756,3.071037,3.025017,3.057276,-0.1876663,-0.9784244,0.08641236,1
2.468608,2.950912,2.836723,3.005035,3.067486,3.051835,3.108896,2.922515,3.088894,3.078519,2.891156,3.055627,3.096023,3.033886,3.017554,-0.09360295,-0.9954618,0.01715714,1
2.49303,2.977149,2.783338,2.962506,3.05755,3.042918,3.105129,2.928225,3.071707,3.081797,2.897104,3.009566,3.087626,3.053286,2.971323,-0.04198655,-0.9990754,-0.00925565,1
2.550346,2.943521,2.87403,2.944801,3.013693,3.042864,3.112312,2.887533,3.133068,3.036194,2.938582,3.078848,3.051298,3.040797,3.03421,0.09183655,-0.995553,-0.02098211,1
2.597347,2.93664,2.903783,2.961581,3.013108,3.054698,3.124475,2.88791,3.131109,3.045006,2.943708,3.084955,3.068411,3.043519,3.065336,0.1444826,-0.9891838,-0.0252994,1
2.624764,2.958456,2.881962,2.988145,3.006129,3.050456,3.14054,2.904148,3.123562,3.064514,2.939985,3.078096,3.102643,3.037501,3.06555,0.1928461,-0.980199,-0.04494863,1
2.619553,2.929245,2.888698,2.949805,3.003437,3.044512,3.117875,2.888932,3.117578,3.045867,2.944245,3.070532,3.038166,3.058836,3.025893,0.2660789,-0.9639246,-0.007160723,1
2.560204,2.898434,2.826938,2.962266,3.052887,3.021813,3.124474,2.871751,3.064014,3.055088,2.904135,3.053483,3.000661,3.014453,3.006387,0.2354891,-0.9709455,0.04254135,1
2.55547,2.921086,2.911794,2.946449,3.003101,3.025263,3.107212,2.869897,3.084287,3.068032,2.927365,3.075915,3.028954,3.025798,3.053661,0.1490374,-0.9880503,0.03929932,1
2.558592,2.920402,2.883812,2.972963,3.077572,2.956153,3.097125,2.902393,3.050135,3.053718,2.899306,3.037463,3.003026,3.035215,3.005589,0.1590725,-0.9871478,0.01533226,1
2.503496,2.898182,2.802864,2.934983,2.992814,3.029603,3.11139,2.838027,3.11171,3.05857,2.869215,3.069707,2.991093,3.027024,3.045066,0.004728585,-0.9983355,0.05747893,1
2.612888,2.88701,2.823724,2.964666,3.018598,3.00142,3.079191,2.865561,3.097469,3.044846,2.825271,3.069549,3.080537,2.981878,3.041101,-0.0442245,-0.9987404,0.02370518,1
2.499921,2.855407,2.705652,2.991574,2.986604,3.017367,3.079388,2.795217,3.090213,3.027181,2.799298,3.059447,3.033379,2.951674,3.032726,-0.09459865,-0.9900082,0.10457,1
2.584953,2.911816,2.845954,2.97254,2.971791,3.062167,3.097145,2.845213,3.132001,3.049387,2.913638,3.085353,3.044532,3.030379,3.038537,-0.1373379,-0.9825475,0.1254536,1
2.49477,2.949374,2.720368,3.01877,2.986728,3.061281,3.095061,2.831063,3.120971,3.04276,2.875464,3.086138,3.063919,2.989372,3.043202,-0.1497314,-0.9838474,0.09810665,1
2.47833,2.948758,2.737213,3.019038,3.036505,3.077929,3.085781,2.856684,3.122957,3.043768,2.847048,3.083742,3.080929,2.972213,3.037955,-0.1240357,-0.98549,0.1158644,1
2.5141,2.978644,2.811784,2.953485,3.05356,3.044391,3.104166,2.913167,3.082095,3.080924,2.881417,3.02208,3.087936,3.049408,3.004427,-0.01555922,-0.9995856,0.02422003,1
2.564018,2.93739,2.851576,2.937618,2.994533,3.022364,3.10577,2.856254,3.118657,3.031255,2.878626,3.074141,3.025704,3.007401,3.035389,0.04293692,-0.9981961,0.04196278,1
2.587974,2.980542,2.887073,2.960185,3.041116,3.031114,3.098068,2.957377,3.065222,3.074969,2.945796,3.028583,3.07078,3.089,3.014468,0.115899,-0.9932071,0.01035009,1
2.607194,2.945438,2.90109,2.946036,3.036134,3.058537,3.107883,2.92608,3.058038,3.085012,2.931722,3.049428,3.069437,3.055175,3.039873,0.1704035,-0.9852579,0.0151523,1
2.621519,2.940701,2.891745,3.003932,2.991681,3.058188,3.119242,2.887721,3.123726,3.075498,2.933777,3.109523,3.077351,3.016612,3.067452,0.3073963,-0.95152,0.01082676,1
2.636379,2.921448,2.9303,2.982382,2.993554,3.053807,3.133857,2.885832,3.122278,3.080657,2.956936,3.11266,3.060315,3.046365,3.062355,0.3253808,-0.9445359,0.04448942,1
2.653685,2.930512,2.922774,2.946044,3.011902,3.05457,3.100471,2.89628,3.104372,3.051017,2.954892,3.091585,3.053932,3.041496,3.052269,0.3130149,-0.9482246,0.05377545,1
2.556043,2.906831,2.809767,2.97188,3.072492,3.045401,3.128874,2.87013,3.078418,3.061361,2.887809,3.057223,2.99993,3.008525,3.042029,0.266074,-0.9608997,0.07665776,1
2.534721,2.902291,2.831536,2.970946,3.057117,3.050192,3.134883,2.856716,3.069114,3.063782,2.887471,3.060628,2.998094,3.01177,3.02878,0.2211044,-0.9731719,0.06363349,1
2.534621,2.909487,2.836145,2.97154,3.081138,3.033252,3.092098,2.880027,3.069706,3.031091,2.911967,3.03991,2.981704,3.03833,3.032277,0.1793169,-0.9812009,0.07134616,1
2.473586,2.896375,2.822913,2.944183,3.029023,3.01076,3.103567,2.899673,3.097054,3.076355,2.949996,3.068083,3.034971,3.075061,3.058845,0.07270863,-0.9967102,0.03580807,1
2.476374,2.911714,2.777593,2.957533,3.025258,3.023479,3.096287,2.911982,3.107437,3.075299,2.983578,3.068627,3.048149,3.082535,3.042639,0.0392049,-0.9991813,0.009976421,1
2.532328,2.878112,2.95147,2.977933,3.071667,3.014975,3.079262,2.920611,3.050455,3.029759,2.918908,3.042673,2.995453,3.019117,3.016799,-0.0008395158,-0.9999495,0.01002388,1
2.540268,2.921267,2.827956,2.959911,3.070804,2.981272,3.071827,2.943963,3.03368,3.030057,2.946011,3.018674,3.027456,3.062247,3.020102,-0.03640343,-0.9991162,-0.02101688,1
2.507162,2.888519,2.841155,2.944607,3.056783,2.968966,3.06116,2.957419,3.021564,3.025181,2.964233,3.017732,3.029002,3.062156,3.024505,-0.08814286,-0.9947784,-0.05144617,1
2.517798,2.900411,2.775023,2.936624,3.06084,3.014677,3.07507,2.945976,3.039366,3.024176,2.959086,3.023702,3.063089,3.053076,3.025112,-0.1835967,-0.981687,-0.05082144,1
2.509988,2.944544,2.730102,2.93257,3.055619,3.053563,3.074937,2.925941,3.082365,3.048273,2.963618,3.064126,3.079311,3.064085,3.04288,-0.2299903,-0.9700904,-0.07764713,1
2.5094,2.940418,2.734362,2.929656,3.028245,3.034383,3.086024,2.93297,3.080945,3.053768,3.010671,3.074555,3.11559,3.09449,3.053907,-0.2154102,-0.9739601,-0.07071278,1
2.526539,2.931215,2.856891,2.967376,3.067269,3.03425,3.106166,2.94862,3.083123,3.04463,2.964103,3.062048,3.11235,3.028808,3.060416,-0.186397,-0.9805557,-0.06137372,1
2.513196,2.986609,2.714507,2.978565,3.074824,3.031214,3.111716,2.965843,3.072787,3.050988,2.989092,3.032774,3.078095,3.076648,3.05638,-0.1647834,-0.9835436,-0.07408381,1
2.568176,2.955105,2.871934,2.9604,3.077874,3.019685,3.098302,2.978636,3.074968,3.056476,2.995145,3.051243,3.074539,3.078012,3.066871,-0.1211278,-0.9882894,-0.09280083,1
2.535311,2.956577,2.808056,2.968319,3.079906,3.002149,3.108764,2.980722,3.067955,3.075899,2.994539,3.04297,3.103595,3.074575,3.056281,-0.05748747,-0.9954163,-0.07643063,1
2.548842,2.950902,2.853876,2.974024,3.057961,3.021807,3.099726,2.958685,3.094206,3.067934,2.995119,3.067893,3.101629,3.062806,3.08288,0.06608205,-0.9926968,-0.1009268,1
2.540817,2.952551,2.847192,2.971082,3.063582,3.010174,3.111662,2.962373,3.085001,3.064874,3.015031,3.071566,3.119584,3.06963,3.07503,0.08040714,-0.9911324,-0.1057888,1
2.484014,2.944213,2.856647,2.976071,3.043664,2.990932,3.113393,2.950484,3.106248,3.080765,3.014415,3.07623,3.095321,3.087208,3.060418,0.1180274,-0.9878626,-0.1009801,1
2.534454,2.931815,2.875811,2.956124,3.046662,2.989623,3.087847,2.938723,3.059323,3.082203,2.972139,3.049188,3.091869,3.055776,3.034729,0.1150828,-0.9885327,-0.09777099,1
2.540416,2.902046,2.858162,2.95556,3.05569,2.976326,3.090918,2.946354,3.042533,3.062097,2.987194,3.028707,3.068474,3.081967,3.017637,0.09121115,-0.9925385,-0.0809197,1
2.460044,2.927363,2.810087,2.949911,3.04886,2.995002,3.091338,2.957968,3.091034,3.069156,3.009207,3.056596,3.064636,3.077713,3.032355,0.04073942,-0.9970995,-0.06428744,1
2.517187,2.892619,2.837214,2.951338,3.065717,3.019062,3.085925,2.94922,3.047417,3.043565,2.956187,3.026584,3.052248,3.06323,3.015982,0.00457983,-0.9983385,-0.05743971,1
2.539936,2.871735,2.936828,2.944299,3.0498,2.99513,3.087693,2.944809,3.064311,3.061928,2.957132,3.042138,3.069388,3.041074,3.030545,-0.03204358,-0.9987086,-0.03942443,1
2.499334,2.869096,2.909178,2.938503,3.051217,3.003057,3.079688,2.933769,3.072163,3.057712,2.95376,3.047021,3.073696,3.033935,3.029887,-0.04482451,-0.9987383,-0.02263761,1
2.466575,2.909723,2.833927,2.954619,3.056836,3.01743,3.091805,2.944391,3.085375,3.045951,2.978148,3.05223,3.047185,3.046519,3.030928,-0.06931119,-0.997241,-0.02657471,1
2.48926,2.928457,2.756502,2.959324,3.03188,3.049701,3.100359,2.926923,3.10046,3.036722,3.006187,3.065332,3.071001,3.076665,3.0517,-0.09426126,-0.9947371,-0.04016097,1
2.489851,2.902263,2.77539,2.97605,3.039932,3.047717,3.111269,2.917316,3.098114,3.042788,3.007891,3.078657,3.063695,3.075241,3.05599,-0.1083261,-0.9933813,-0.03819777,1
2.523808,2.897921,2.866152,2.982966,3.028139,3.039646,3.130107,2.913006,3.087319,3.058954,2.977162,3.080074,3.08124,3.053017,3.057385,-0.1028499,-0.9941916,-0.03169937,1
2.515599,2.910034,2.885507,2.933856,3.0582,3.018884,3.083354,2.953011,3.093537,3.046793,2.973425,3.051905,3.080035,3.059233,3.037349,-0.0471321,-0.9984649,-0.0290903,1
2.554421,2.937322,2.818699,2.994499,3.080158,3.022771,3.129912,2.95145,3.093631,3.062423,2.992236,3.049067,3.086742,3.077867,3.059947,-0.002669138,-0.9996677,-0.02564092,1
2.4888,2.940592,2.850054,2.92553,3.048619,2.978845,3.078853,2.968222,3.085331,3.054719,3.017074,3.055931,3.108278,3.066813,3.048838,0.07911108,-0.9932745,-0.08454175,1
2.523201,2.948926,2.889817,2.946881,3.06409,2.998033,3.093329,2.976474,3.101281,3.068868,3.011731,3.072644,3.109623,3.08097,3.050771,0.1247514,-0.9875936,-0.09537306,1
2.603112,2.9584,2.911222,2.946132,3.072342,3.019287,3.096584,2.979625,3.076113,3.063496,3.023255,3.066067,3.08844,3.077723,3.065835,0.1119663,-0.9889767,-0.09689569,1
2.539711,2.944486,2.938724,2.972996,3.041487,2.996319,3.107767,2.954248,3.090684,3.081043,3.022681,3.084865,3.105091,3.079709,3.05596,0.2126842,-0.9740738,-0.07710835,1
2.566422,2.962002,2.90621,2.961182,3.041347,3.007977,3.097182,2.941463,3.073543,3.083795,2.990868,3.062114,3.093099,3.082305,3.041306,0.2065925,-0.9753905,-0.07702583,1
2.527255,2.952306,2.944488,2.945673,3.023488,2.990464,3.095116,2.925118,3.081185,3.090772,2.967088,3.060827,3.079998,3.07227,3.034225,0.1721696,-0.9825529,-0.07033844,1
2.513656,2.936103,2.924598,2.953058,3.033453,2.995546,3.086509,2.937706,3.088756,3.096749,2.985192,3.063339,3.094976,3.07643,3.045255,0.1346357,-0.9872457,-0.08496504,1
2.54651,2.910829,2.846457,2.971105,3.088132,2.962119,3.095376,2.957265,3.033589,3.062088,2.96802,3.03148,3.062839,3.068027,3.018438,0.09680782,-0.9920533,-0.08036453,1
2.527674,2.923652,2.937721,2.969734,3.029786,3.009016,3.108192,2.928735,3.084803,3.094271,2.952665,3.058569,3.076046,3.034873,3.045419,-0.006826762,-0.9964887,-0.08344778,1
2.518833,2.87469,2.818916,2.959976,3.072948,2.973189,3.079861,2.942983,3.03948,3.046579,2.958084,3.034375,3.043364,3.066701,3.021623,-0.07657375,-0.9944805,-0.07172877,1
2.57095,2.867821,2.888544,2.959028,3.064322,3.015803,3.103972,2.899161,3.070274,3.044022,2.893311,3.049756,3.079296,3.011796,3.050704,-0.1480347,-0.9886165,-0.0268923,1
2.52289,2.84463,2.899266,2.931233,3.026579,3.005318,3.0769,2.897347,3.073405,3.038727,2.9156,3.061601,3.047079,3.024261,3.039516,-0.1913235,-0.9813994,-0.01583048,1
2.514028,2.880866,2.834312,2.980336,3.037973,3.06069,3.135171,2.914874,3.114165,3.057486,2.967468,3.097511,3.078236,3.049253,3.062736,-0.2239667,-0.9744245,-0.01832118,1
2.487118,2.914599,2.775942,2.967675,3.026147,3.035019,3.108209,2.92392,3.098883,3.040282,2.958919,3.07121,3.053734,3.05924,3.059505,-0.1785309,-0.9839182,0.005615373,1
2.48821,2.925905,2.832648,2.973496,3.084716,3.045683,3.120733,2.954124,3.093967,3.07905,2.937176,3.035469,3.067847,3.036394,3.011913,-0.1362942,-0.9895037,-0.04802401,1
2.505423,2.944117,2.767876,2.949253,3.055176,3.041695,3.109974,2.920513,3.124966,3.031061,2.984861,3.082154,3.059334,3.089271,3.072991,-0.008151909,-0.9983344,-0.05711441,1
2.579631,2.951759,2.896536,2.958772,3.055676,3.031799,3.10322,2.944339,3.132651,3.025624,2.998726,3.075939,3.08299,3.09168,3.066836,0.1013542,-0.992658,-0.06601156,1
2.590638,2.967303,2.952935,2.980173,3.043243,3.030082,3.131242,2.992991,3.054954,3.105005,2.959278,3.017753,3.113445,3.053697,2.995216,0.1950968,-0.979103,-0.05739717,1
2.620343,2.938933,2.914986,2.96305,3.020887,3.069549,3.108959,2.897379,3.11218,3.060065,2.956049,3.090349,3.081517,3.066662,3.0562,0.3269482,-0.9432116,-0.05879364,1
2.626731,2.935199,2.923439,2.948063,3.019229,3.044415,3.092647,2.880169,3.115309,3.068773,2.940928,3.079848,3.0717,3.060422,3.038325,0.3731261,-0.9277543,-0.0069931,1
2.648329,2.932547,2.952922,2.94501,3.026785,3.049563,3.093456,2.874512,3.112769,3.062611,2.923828,3.077849,3.049529,3.044169,3.050585,0.389913,-0.9203205,0.03127179,1
2.607637,2.935635,2.914047,2.963954,3.036575,3.049338,3.098513,2.879704,3.103518,3.078602,2.918874,3.079976,3.041546,3.020622,3.050795,0.3953061,-0.9177164,0.03911055,1
2.585229,2.884738,2.857793,2.958104,3.052777,3.032415,3.098176,2.86758,3.05653,3.071259,2.883129,3.050584,3.037247,2.993748,3.025392,0.3901147,-0.9204329,0.02477523,1
2.604959,2.889178,2.911956,2.946759,3.038488,3.047205,3.084095,2.913382,3.091738,3.076384,2.963849,3.087466,3.050712,3.056456,3.069968,0.3003045,-0.9532815,0.03273661,1
2.54048,2.950658,2.955753,2.984175,3.072023,2.974251,3.105795,2.985564,3.058725,3.069678,2.993455,3.081753,3.033955,3.119191,3.060588,0.2329997,-0.9717836,0.03671018,1
2.535709,2.92696,2.944158,2.991454,3.090047,2.97413,3.115098,2.965108,3.044079,3.075554,2.962981,3.053328,3.048029,3.112507,3.06386,0.1173991,-0.9928864,-0.01984692,1
2.516127,2.867774,2.837944,2.919491,3.043074,3.002483,3.095166,2.905672,3.088403,3.059443,2.937947,3.043057,3.0244,3.063365,3.039597,-0.05772713,-0.9980456,-0.02392517,1
2.572167,2.859654,2.820141,2.992702,3.067003,2.979938,3.087244,2.889184,3.050389,3.041151,2.870568,3.044933,3.057617,3.011034,3.039567,-0.1224241,-0.9920277,-0.02988881,1
2.465922,2.874318,2.676872,2.944285,3.022437,3.015841,3.111038,2.861621,3.081905,3.034531,2.898438,3.048327,3.042372,3.022541,3.043346,-0.169625,-0.9852345,0.02324318,1
2.514934,2.941055,2.763571,3.004467,3.035308,3.069091,3.135099,2.884574,3.106359,3.03491,2.917357,3.059373,3.058149,3.023218,3.059583,-0.187308,-0.9818814,0.02871685,1
2.573461,2.887145,2.966998,2.93682,3.045901,3.050351,3.104223,2.918706,3.124802,3.042833,2.938072,3.083989,3.089248,3.020555,3.066532,-0.08272041,-0.9963371,0.02167455,1
2.481473,2.915317,2.825891,2.942776,3.04602,3.030503,3.106611,2.915616,3.132321,3.031689,2.962554,3.075811,3.041678,3.077021,3.061595,-0.0001042361,-0.9999987,0.001659411,1
2.544372,2.996457,2.983334,2.926496,3.056875,3.017687,3.105412,3.023255,3.029666,3.104309,2.96071,3.01273,3.116024,3.042974,2.98204,0.1119345,-0.9919957,-0.05843972,1
2.610313,2.930907,2.925157,2.957915,3.040655,3.054092,3.113481,2.92196,3.124954,3.048156,2.986301,3.096743,3.078087,3.083543,3.048701,0.3024713,-0.9510344,-0.06359684,1
2.635401,2.93691,2.916696,2.971069,3.040917,3.058817,3.113584,2.906528,3.129884,3.064572,2.954479,3.077169,3.083311,3.069377,3.049274,0.3658469,-0.9305211,-0.01692869,1
2.610585,2.922158,2.923763,2.980219,3.041547,3.021837,3.103588,2.940723,3.105747,3.078013,2.992295,3.086058,3.064884,3.059325,3.047508,0.4242191,-0.9055198,-0.008479855,1
2.603696,2.916788,2.926826,2.959152,3.066313,3.024103,3.074758,2.943438,3.092503,3.074874,2.97365,3.066137,3.063156,3.036559,3.03682,0.4370861,-0.89908,-0.02471689,1
2.587522,2.914537,3.052373,2.978229,3.094716,2.970728,3.112984,2.92289,3.038877,3.105363,2.925463,3.083325,3.054836,3.052914,3.055822,0.3687838,-0.9294265,0.01284446,1
2.588654,2.89325,2.988723,2.946958,3.031512,3.004768,3.088069,2.920922,3.066328,3.096338,2.954399,3.075567,3.066391,3.025516,3.06181,0.2609132,-0.9648592,-0.03116381,1
2.553711,2.916509,2.916405,3.024202,3.090885,2.952371,3.1309,2.920621,3.025297,3.066845,2.948082,3.082924,2.985045,3.12611,3.070831,0.1484399,-0.9858145,-0.07832866,1
2.500597,2.852085,2.78151,2.948249,3.065765,3.010436,3.109565,2.900115,3.067824,3.064766,2.919032,3.037935,3.029651,3.044716,3.047728,-0.09210104,-0.9948934,-0.04128411,1
2.550465,2.889878,2.903318,2.945289,3.03292,3.008527,3.092836,2.877504,3.075996,3.093745,2.91043,3.069702,3.069464,3.027109,3.063751,-0.1687635,-0.9822885,-0.08141351,1
2.554929,2.902847,2.880564,2.967202,3.041594,3.044475,3.124968,2.908374,3.118638,3.057029,2.96264,3.091168,3.096917,3.06393,3.065296,-0.2102004,-0.9775555,0.01417895,1
2.502068,2.941583,2.741274,2.992276,3.086409,3.053529,3.133029,2.949089,3.09823,3.076538,2.954962,3.05283,3.092574,3.045448,3.058592,-0.1915376,-0.9811342,-0.02624887,1
2.572362,2.896104,2.973402,2.932659,3.037568,3.055256,3.097473,2.930778,3.126005,3.044853,2.976862,3.097248,3.089319,3.043756,3.066452,-0.06042305,-0.9981724,-0.0008936353,1
2.538153,2.979433,3.017989,2.942941,3.046894,3.070255,3.110833,3.02679,3.066578,3.093318,2.938025,3.041153,3.117972,3.015881,3.065765,0.04962472,-0.9971004,-0.05769064,1
2.592578,2.99349,3.009491,2.954052,3.067603,3.039569,3.100445,3.051161,3.037516,3.078902,3.00608,3.038612,3.101097,3.039868,3.043985,0.138852,-0.9887332,-0.05591692,1
2.678206,2.926151,2.96801,2.954156,3.032397,3.035516,3.105113,2.939685,3.133581,3.050813,2.99484,3.087324,3.081609,3.059959,3.049209,0.370838,-0.9255354,-0.07657351,1
2.675428,2.937793,2.927671,2.97488,3.029742,3.041722,3.09445,2.93297,3.129455,3.058309,2.985955,3.070283,3.075444,3.063791,3.029408,0.4526338,-0.8890811,-0.06824572,1
2.68557,2.94137,2.957385,3.004154,3.053144,3.042243,3.134435,2.950422,3.113636,3.071265,2.962752,3.07445,3.074,3.047363,3.024308,0.4971073,-0.8668211,-0.03880088,1
2.681387,2.910752,2.918329,3.023437,3.029758,3.049922,3.10731,2.888,3.117332,3.090259,2.914675,3.075659,3.050462,3.006655,3.030216,0.5332527,-0.8459175,-0.008075844,1
2.667231,2.886625,2.940163,2.947361,3.028131,3.036348,3.076905,2.916555,3.116431,3.065876,2.937979,3.067715,3.032961,3.050812,3.036984,0.5782616,-0.8158514,9.759513E-05,1
2.638655,2.864966,2.886729,2.980272,3.05161,3.035854,3.103046,2.88286,3.06483,3.051675,2.883859,3.043818,2.99446,3.015832,3.02474,0.5564979,-0.8308446,0.00271065,1
2.666858,2.908431,2.920158,3.001666,3.051113,2.999609,3.078579,2.894343,3.040044,3.054124,2.894392,3.036285,3.013264,3.028319,3.009754,0.5397467,-0.8414347,0.02571247,1
2.68803,2.876362,2.914637,2.951246,3.036149,3.023566,3.075307,2.906307,3.089439,3.077204,2.932092,3.055426,3.035394,3.056031,3.026125,0.4450357,-0.8945192,0.04217442,1
2.658139,2.907573,2.969506,2.958165,3.081416,2.981983,3.090884,2.933934,3.089073,3.088331,2.905628,3.088121,3.033641,3.09211,3.105623,0.3747923,-0.9269986,-0.01429717,1
2.62814,2.897844,2.948771,2.934213,3.011336,3.008466,3.073401,2.89321,3.06586,3.080809,2.958162,3.065873,3.071948,3.071788,3.064293,0.2664353,-0.9636237,-0.02101571,1
2.607383,2.922733,2.951061,2.940663,3.096079,2.925933,3.067835,2.990452,3.04282,3.051949,2.979261,3.05869,3.05893,3.126716,3.089203,0.1757122,-0.9843504,-0.0133928,1
2.513649,2.876751,2.818293,2.92567,3.048417,2.985573,3.092563,2.902488,3.078207,3.053225,2.940634,3.039332,3.023953,3.079794,3.050263,0.008912126,-0.9958871,-0.09016372,1
2.852306,2.912836,2.974827,2.949927,2.961146,3.010438,2.660616,2.76493,2.988182,2.28723,2.289852,2.971856,2.177982,2.614887,2.98424,-0.2634014,0.1637411,-0.9506884,1
2.481261,2.865021,2.72595,2.96995,3.05284,2.984704,3.098576,2.885419,3.061967,3.043676,2.895915,3.058593,3.076766,3.02551,3.055457,-0.1012388,-0.994668,0.01965262,1
2.477491,2.908208,2.701903,2.9642,3.026098,3.058053,3.121165,2.894723,3.121897,3.045367,2.955069,3.086287,3.057497,3.059527,3.067165,-0.1551007,-0.9878795,-0.00615273,1
2.540842,2.92644,2.80772,2.992515,3.000075,3.046304,3.107992,2.881871,3.100008,3.04104,2.952735,3.101922,3.086738,3.032606,3.093345,-0.1568934,-0.9875165,0.01398475,1
2.496527,2.932102,2.871544,2.966358,3.083576,3.069552,3.115776,2.907278,3.095514,3.049849,2.904593,3.068229,3.029029,3.029899,3.057333,-0.08753799,-0.9955343,0.03533681,1
2.494469,2.957847,2.787205,2.985586,3.099116,3.04015,3.099937,2.955142,3.056649,3.082787,2.950975,3.032372,3.029806,3.050723,3.003288,-0.03871507,-0.9990383,-0.02057987,1
2.528235,2.975767,2.92242,2.964754,3.089417,3.044786,3.120907,2.981065,3.05186,3.101518,2.95116,3.036279,3.096061,3.054662,3.019808,0.04048547,-0.9966275,-0.07137673,1
2.582384,2.968977,2.990191,2.942026,3.097623,3.028996,3.098528,3.030392,3.035175,3.11237,3.004475,3.041107,3.10738,3.065626,3.028127,0.1306572,-0.9876823,-0.08609593,1
2.618087,2.918812,2.943681,2.937846,3.070439,3.03425,3.090717,2.936161,3.112956,3.056416,2.984166,3.080533,3.090373,3.077755,3.068118,0.3492284,-0.9314769,-0.101933,1
2.673337,2.94804,2.938993,2.983504,3.079857,3.044841,3.11843,2.983933,3.086257,3.069782,2.998498,3.068464,3.09058,3.071805,3.01651,0.4154583,-0.9077638,-0.05795869,1
2.647397,2.907908,2.918126,3.007021,3.054686,3.037832,3.139361,2.94124,3.104058,3.077445,2.964369,3.06857,3.045136,3.032259,3.022483,0.4707545,-0.8806252,-0.05375415,1
2.661627,2.903286,2.913892,2.972217,3.038023,3.036298,3.096627,2.906368,3.106187,3.077814,2.934671,3.062047,3.042262,3.044481,3.024673,0.5206242,-0.853784,0.001824563,1
2.653807,2.890021,2.928004,2.972471,3.051955,2.999051,3.093432,2.909749,3.037568,3.062782,2.911168,3.027081,3.041343,3.007454,3.01448,0.513214,-0.858031,-0.01985608,1
2.609992,2.906164,3.015804,2.944703,3.084381,2.984414,3.076402,2.910793,3.057437,3.068307,2.921858,3.06033,3.000993,3.025666,3.013539,0.4782653,-0.8780581,-0.01662221,1
2.628463,2.884549,2.936891,2.927027,3.045062,3.014696,3.065632,2.905763,3.064388,3.082824,2.936251,3.066221,3.048058,3.033058,3.054419,0.3325832,-0.9427567,-0.02446096,1
2.587738,2.931336,2.949949,2.948516,3.09622,2.951128,3.079493,2.995991,3.02746,3.072416,2.991485,3.067359,3.054238,3.123845,3.090606,0.2488798,-0.9671786,-0.05122906,1
2.539641,2.926435,2.875007,2.988105,3.071591,2.96172,3.102449,2.971804,3.047549,3.0957,2.959853,3.075163,3.073309,3.076094,3.065727,0.1382755,-0.9874598,-0.07617823,1
2.555532,2.871579,2.955966,2.956905,3.080584,2.973728,3.089982,2.961711,3.060333,3.075918,2.952746,3.067453,3.048373,3.072747,3.053352,0.08174567,-0.9961638,-0.03122761,1
2.524081,2.871283,2.842548,2.961065,3.107784,2.999866,3.090066,2.91498,3.059875,3.063975,2.908685,3.052638,3.03716,3.037869,3.035657,0.0113902,-0.9998686,-0.01153723,1
2.487427,2.853687,2.872745,2.956012,3.039254,3.041711,3.103087,2.86458,3.092949,3.068604,2.877707,3.057431,3.052584,3.00515,3.049014,-0.06838236,-0.997095,0.03354676,1
2.510087,2.923646,2.904607,2.986462,3.025344,3.059756,3.13353,2.899106,3.11067,3.081957,2.946361,3.099539,3.072383,3.038219,3.067215,-0.116505,-0.9930115,0.018834,1
2.503093,2.939092,2.82437,3.011594,3.058258,3.069924,3.123062,2.92037,3.099685,3.059419,2.937605,3.076101,3.095676,3.011155,3.067002,-0.1065102,-0.9943054,0.003515911,1
2.444123,2.90407,2.736268,2.941508,3.041545,3.050121,3.101937,2.893207,3.115344,3.030352,2.951173,3.091273,3.031899,3.063557,3.071919,-0.03616098,-0.9993312,-0.005441254,1
2.518603,2.941474,2.826026,2.967335,3.074439,3.034843,3.10618,2.960926,3.060432,3.084891,2.948445,3.032091,3.088966,3.070454,3.011761,0.005184792,-0.9996864,0.02450121,1
2.549881,2.927694,2.920625,2.945948,3.052308,3.019387,3.099686,2.921601,3.111655,3.037819,2.981803,3.072671,3.03997,3.096803,3.051513,0.1515393,-0.9869469,-0.05451282,1
2.590951,2.936492,2.928971,2.93147,3.048556,3.016427,3.090686,2.921819,3.096702,3.055897,2.971582,3.07342,3.076319,3.075657,3.055028,0.2233627,-0.9709949,-0.08531044,1
2.603014,2.940017,2.896063,2.975923,3.063337,3.047399,3.108866,2.969584,3.105327,3.088219,3.002538,3.059559,3.084372,3.081921,3.057938,0.2846621,-0.9549561,-0.08382282,1
2.633182,2.929716,2.906585,2.982488,3.04606,3.057398,3.118544,2.94885,3.114028,3.077072,2.979867,3.05941,3.073837,3.062594,3.066402,0.3209274,-0.9468179,-0.02326798,1
2.625366,2.900163,2.97943,2.983524,3.025425,3.034789,3.106973,2.916857,3.109256,3.08001,2.958702,3.077928,3.055228,3.035431,3.055893,0.3608955,-0.932059,-0.03194227,1
2.594011,2.865433,2.947414,2.961043,3.071547,3.054283,3.098172,2.88283,3.057103,3.068357,2.896949,3.058712,3.032953,2.974462,3.048383,0.3745768,-0.9270971,0.01352792,1
2.598798,2.907591,2.924106,2.971045,3.0526,3.007451,3.103408,2.893815,3.05108,3.065826,2.909006,3.042512,3.037843,3.024826,3.036213,0.3668984,-0.9302126,-0.009496498,1
2.55555,2.925392,2.986842,2.947913,3.06593,2.988254,3.055975,2.926133,3.044347,3.03864,2.951613,3.062973,3.004848,3.060155,3.043208,0.3173481,-0.9481868,-0.01522902,1
2.539512,2.9605,2.885627,2.962745,3.085711,2.945437,3.083463,2.991631,3.043939,3.070842,2.972354,3.055753,3.075468,3.103592,3.066011,0.1858733,-0.9813464,-0.04909537,1
2.572253,2.876783,2.966641,2.957773,3.090864,2.980046,3.071749,2.926301,3.046341,3.04761,2.929172,3.056071,3.031033,3.051022,3.03493,0.1059793,-0.9941366,-0.02147082,1
2.450243,2.898026,2.684261,2.951628,3.035802,3.052074,3.114075,2.865946,3.10363,3.054894,2.934234,3.085332,3.022057,3.047861,3.075581,-0.01836681,-0.9996263,0.02024634,1
2.450843,2.891442,2.655842,2.961984,3.042674,3.033438,3.117346,2.838959,3.089516,3.043013,2.86787,3.070281,3.049868,3.016684,3.066023,-0.02623693,-0.9979153,0.05896245,1
2.474996,2.94315,2.691323,3.000304,3.021441,3.077955,3.106781,2.8689,3.098477,3.032551,2.938934,3.090742,3.043106,3.023133,3.062046,-0.06648369,-0.9965625,0.04942714,1
2.529443,2.954858,2.784672,2.993093,3.022761,3.083874,3.132802,2.906343,3.116051,3.05077,2.953179,3.069981,3.070323,3.052065,3.062798,-0.04456073,-0.9977871,0.04934822,1
3.038349,2.880046,2.630033,2.962597,2.782865,2.62202,3.031072,2.12819,2.844153,2.95156,1.619592,3.052568,2.746105,1.603152,2.851418,-0.0151521,-0.9989748,0.04265904,1
2.508269,2.943308,2.831412,2.978671,3.04799,3.060142,3.113059,2.944303,3.133922,3.085284,2.966708,3.086192,3.086998,3.055527,3.079243,0.07352176,-0.9972925,-0.001532223,1
2.488611,2.941883,2.815376,3.009318,3.034283,3.06987,3.121719,2.904473,3.138214,3.069209,2.941438,3.091621,3.064512,3.052935,3.06151,0.09430005,-0.9949308,0.03493062,1
2.486302,2.919827,2.830269,2.971844,3.010004,3.047511,3.124898,2.892661,3.118601,3.063743,2.975768,3.10065,3.036534,3.090284,3.063911,0.1139017,-0.992936,0.03323542,1
2.447639,2.891087,2.842528,2.942642,3.047738,3.006414,3.094663,2.915834,3.102411,3.068188,2.945677,3.084929,3.042338,3.055305,3.064218,0.1314008,-0.9913253,0.002798673,1
2.45253,2.898754,2.814434,2.958799,3.024881,3.03837,3.10762,2.891327,3.109393,3.063786,2.948538,3.104928,3.023138,3.06987,3.086507,0.1042665,-0.9938992,0.03595556,1
2.467901,2.888987,2.821106,2.940844,3.04771,3.003719,3.086752,2.902751,3.074469,3.05177,2.959511,3.066112,3.037378,3.070914,3.055997,0.08239816,-0.9965929,-0.003603886,1
2.460048,2.87853,2.81141,2.94973,3.042608,3.001701,3.08742,2.906723,3.086374,3.062466,2.95538,3.074812,3.059321,3.069188,3.071033,0.06015315,-0.9980645,0.01577904,1
2.450177,2.895304,2.800536,2.947149,3.059351,3.027757,3.109289,2.917283,3.122025,3.049262,2.964014,3.080932,3.020391,3.073989,3.052661,0.02346447,-0.9997177,-0.003740364,1
2.425133,2.902163,2.831013,2.965098,3.054235,3.042748,3.104936,2.904921,3.113067,3.062438,2.961156,3.090065,3.025336,3.065792,3.059738,0.01734942,-0.9996157,0.02161828,1
2.436647,2.903494,2.819462,2.967592,3.042352,3.032082,3.118514,2.900459,3.110799,3.066636,2.967732,3.105548,3.033032,3.071438,3.074201,0.0262548,-0.9991404,0.03208115,1
3.006054,2.998589,2.863538,3.036536,2.832953,2.879793,2.963902,2.375324,3.061082,3.018453,2.256189,2.72315,3.035805,2.860821,2.926619,0.02288437,-0.9992062,0.03260577,0
2.47991,2.882924,2.900188,2.943444,3.052828,3.013302,3.105533,2.918258,3.106245,3.052664,2.951612,3.06863,3.055942,3.069734,3.056698,0.02133987,-0.9995611,0.0205447,0
2.451231,2.887179,2.847178,2.953014,3.047912,3.046342,3.098147,2.916587,3.121579,3.060767,2.960843,3.090879,3.032496,3.063308,3.064565,0.00199827,-0.999952,-0.009594596,0
2.438778,2.89059,2.840302,2.951753,3.055654,3.047671,3.099821,2.927536,3.123208,3.058574,2.9617,3.09091,3.038823,3.063318,3.061176,0.005819139,-0.9999547,-0.00753409,0
2.487941,2.890545,2.883211,2.954554,3.052067,3.050104,3.112468,2.915252,3.125017,3.063208,2.946041,3.092384,3.05179,3.041481,3.067935,-0.0004215584,-0.9999725,0.007404485,0
2.474878,2.888544,2.920171,2.946859,3.060275,3.043827,3.097357,2.937815,3.124012,3.058002,2.965125,3.080503,3.043808,3.052926,3.058503,-0.007334296,-0.9991198,0.04130172,0
2.468006,2.885407,2.933822,2.947206,3.053986,3.045841,3.099008,2.930715,3.122996,3.065383,2.967671,3.097499,3.05896,3.049535,3.069999,-0.006861429,-0.9998381,0.01663283,0
2.942708,2.67802,2.675399,2.829802,2.869025,2.846943,2.804083,2.826046,2.819485,2.78956,2.453833,2.939822,2.612831,2.74366,3.041217,-0.003623771,-0.999887,0.01458867,0
3.030335,2.645468,2.603856,2.718513,2.85743,2.968419,2.732668,2.916879,2.809604,3.004248,2.57454,2.762322,2.984505,2.652227,2.7563,-0.010269,-0.9994287,0.03219934,0
3.05686,2.899401,2.563616,2.914719,2.547375,2.383367,2.810439,2.680742,2.958746,3.020543,1.838463,2.866705,2.923717,2.045345,2.710723,-0.0053138,-0.999521,0.03049028,0
2.919652,2.716561,2.612511,2.951222,2.722332,2.812542,3.051879,2.713469,3.09458,2.901195,2.324786,2.690244,2.779161,2.684958,2.736157,-0.001263439,-0.9994857,0.03204469,0
2.475277,2.882248,2.866331,2.978691,3.041198,3.041537,3.131398,2.913411,3.123883,3.067225,2.965007,3.089679,3.070941,3.063714,3.072488,-0.002700709,0.7472777,-0.6645065,0
2.438869,2.903366,2.801742,2.985659,3.03452,3.063649,3.136146,2.89323,3.119905,3.060304,2.957303,3.098506,3.043056,3.073306,3.091486,0.009846574,-0.9998237,0.01598703,0
2.443996,2.903475,2.780407,2.98609,3.030767,3.03604,3.133527,2.895753,3.106676,3.057245,2.979901,3.095962,3.045008,3.091599,3.084232,0.01719728,-0.9994915,0.02685028,0
2.407374,2.897233,2.7541,2.945014,3.04934,3.03613,3.09332,2.915488,3.12508,3.031254,2.976569,3.086895,2.99817,3.077589,3.055021,0.03306985,-0.9992656,0.01935719,0
2.42142,2.903943,2.757361,2.962217,3.053967,3.067347,3.098413,2.897889,3.117303,3.026657,2.972141,3.096216,2.983626,3.073665,3.062654,0.02378489,-0.9979949,0.05865488,0
2.437915,2.907594,2.753907,2.950601,3.050278,3.041833,3.10472,2.898212,3.123505,3.029509,2.971712,3.085873,2.998948,3.078401,3.053905,0.02905794,-0.9989193,0.03627656,0
2.431081,2.912398,2.708654,2.950829,3.04924,3.052308,3.096941,2.896008,3.117893,3.022563,2.967854,3.090082,2.993369,3.074689,3.064889,0.02310713,-0.9988388,0.04227528,0
2.446445,2.9135,2.738806,2.947501,3.054224,3.055307,3.096971,2.892886,3.123848,3.019503,2.96392,3.087765,2.982229,3.076378,3.056091,0.02113825,-0.9994834,0.02420896,2
2.417744,2.912859,2.742188,2.946934,3.042723,3.0402,3.106421,2.897865,3.127246,3.033054,2.954609,3.082186,2.996806,3.069317,3.052195,0.0232382,-0.9994448,0.02387542,2
2.449274,2.915956,2.736912,2.947031,3.058206,3.050756,3.100058,2.903847,3.120595,3.019091,2.97337,3.087822,2.987739,3.080526,3.054141,0.01623424,-0.9988528,0.04504889,2
2.438633,2.915042,2.760239,2.947676,3.051048,3.041962,3.101078,2.90739,3.121374,3.033089,2.97121,3.086442,2.995041,3.08595,3.053748,0.01926299,-0.9995027,0.02496279,2
2.43546,2.915411,2.754355,2.946496,3.055033,3.047269,3.09711,2.906945,3.121089,3.026911,2.974879,3.086354,2.989099,3.08655,3.054435,0.01647014,-0.9994707,0.02805337,2
2.430935,2.900482,2.764298,2.942717,3.041213,3.050614,3.09379,2.882764,3.121895,3.034101,2.952505,3.093938,2.995489,3.069639,3.06567,0.02704764,-0.9989808,0.03613523,2
2.433116,2.926406,2.741243,2.945677,3.053459,3.04581,3.096123,2.904961,3.117471,3.031635,2.980813,3.082887,2.994101,3.091027,3.048058,0.02057878,-0.9992159,0.03382522,2
2.443663,2.907469,2.811329,2.958445,3.052579,3.052874,3.103062,2.89788,3.10921,3.045835,2.978064,3.10452,3.00917,3.07755,3.071427,0.02063339,-0.9993219,0.0304952,2
2.455885,2.906447,2.790445,2.946368,3.053557,3.051449,3.097354,2.89396,3.113189,3.036953,2.981553,3.101757,3.003335,3.078913,3.071545,0.01663195,-0.999398,0.03044746,2
2.46689,2.913022,2.779502,2.944908,3.053375,3.051264,3.095654,2.903552,3.112551,3.042309,2.985361,3.097379,3.017315,3.091666,3.078106,0.01378101,-0.9994146,0.03131247,2
2.456475,2.913674,2.784422,2.934622,3.057193,3.048306,3.088035,2.906863,3.119009,3.038597,2.987858,3.089597,3.014218,3.092663,3.068602,0.01556507,-0.9997237,0.01761439,2
2.459513,2.908553,2.802561,2.951341,3.053919,3.050284,3.104978,2.907316,3.116747,3.048611,2.976337,3.091737,3.017186,3.081842,3.070378,0.01562924,-0.9998377,0.008962242,2
2.452507,2.908566,2.804021,2.94932,3.049702,3.051367,3.093825,2.893593,3.1158,3.049313,2.968317,3.097713,3.013806,3.076333,3.078004,0.01347029,-0.9998411,0.01167441,2
2.451999,2.912836,2.793167,2.944911,3.057771,3.05036,3.096141,2.905725,3.115445,3.039488,2.97724,3.091736,2.9948,3.08786,3.067962,0.01619035,-0.9993848,0.03110965,2
2.463772,2.921324,2.789607,2.944224,3.046207,3.035848,3.104455,2.911229,3.110084,3.052631,2.979621,3.090925,3.024591,3.089106,3.068867,0.01696104,-0.9998497,0.003582487,2
2.465518,2.917068,2.80376,2.947455,3.055202,3.050888,3.097749,2.903849,3.113937,3.048143,2.97162,3.091486,3.018861,3.078903,3.064984,0.01886857,-0.9997185,0.0143868,2
2.464745,2.915066,2.82384,2.935703,3.048234,3.040377,3.099149,2.904422,3.122059,3.044469,2.965445,3.083296,3.028539,3.069575,3.064589,0.02612697,-0.9995858,0.0120648,2
2.448276,2.922553,2.760211,2.95139,3.048892,3.039001,3.108207,2.901075,3.106479,3.054654,2.976852,3.090639,3.013727,3.081778,3.065588,0.01791707,-0.9998322,0.003830032,2
2.45355,2.927987,2.773145,2.951045,3.049479,3.035451,3.1091,2.907445,3.110265,3.057936,2.974561,3.092391,3.017089,3.079686,3.065852,0.02166072,-0.9996897,0.01230104,2
2.458724,2.911565,2.809128,2.949589,3.041307,3.033414,3.102315,2.907888,3.11233,3.054081,2.981344,3.086153,3.018207,3.078903,3.052387,0.02985349,-0.9993669,0.01935555,2
2.440711,2.920963,2.766378,2.944664,3.055952,3.041525,3.09407,2.90632,3.113873,3.041588,2.972804,3.086403,2.997052,3.077688,3.062109,0.02819172,-0.9995987,0.002734283,2
2.458919,2.91503,2.756138,2.958634,3.043039,3.017955,3.110581,2.914586,3.102865,3.061016,2.995378,3.076832,3.015276,3.090822,3.050565,0.0333668,-0.999401,0.009185482,2
2.445492,2.913588,2.769808,2.962047,3.038255,3.0195,3.115086,2.906443,3.103242,3.061068,2.990072,3.080956,3.025935,3.092269,3.059745,0.03967197,-0.9991959,-0.005808938,2
2.45203,2.908058,2.805717,2.969779,3.036251,3.029304,3.118854,2.902287,3.106594,3.063178,2.985027,3.090958,3.022209,3.076636,3.062693,0.04594463,-0.9988521,-0.01354883,2
2.466005,2.921068,2.797147,2.958985,3.038246,3.037313,3.097853,2.915965,3.111924,3.058752,2.98217,3.086834,3.016075,3.081439,3.057877,0.07428619,-0.9972336,0.002592998,2
2.528847,2.952004,2.812056,2.957306,3.052051,3.021488,3.096257,2.939661,3.098103,3.06199,3.0068,3.071038,3.024253,3.104263,3.052956,0.1080989,-0.9939175,-0.0210387,2
2.566644,2.970891,2.80697,2.963882,3.075477,3.014039,3.10732,2.954575,3.084356,3.090303,3.020554,3.058326,3.042889,3.090616,3.04066,0.142232,-0.9873934,-0.06945821,2
2.612357,2.992877,2.840638,2.941761,3.094184,3.005879,3.081514,2.983653,3.046624,3.107071,3.060076,3.009218,3.055301,3.132373,2.993397,0.1733993,-0.9760981,-0.1310158,2
2.701531,3.003501,2.937516,2.863265,3.113528,3.043357,2.922091,3.083734,2.96716,2.926273,3.062776,2.922763,2.858278,3.071628,2.91525,0.2186136,-0.8878575,-0.4048668,2
2.755404,2.998492,3.036063,2.82273,3.109866,2.991164,2.836523,3.035093,3.01265,2.826586,2.987315,2.916455,2.746184,2.907064,2.837358,0.1933766,-0.767931,-0.610645,2
2.886512,2.86666,2.957849,2.798769,2.886322,3.063374,2.876621,2.989226,3.095298,2.896626,3.096973,3.034611,2.971107,2.917526,3.072083,0.08585963,-0.3740277,-0.9234346,2
2.934793,2.881403,2.912889,2.848393,2.755254,2.818388,2.957355,2.833065,3.017674,2.984978,2.710586,2.973772,2.967842,2.923204,2.941008,0.234696,-0.004741652,-0.9720572,2
2.848982,3.065974,3.01548,2.817319,2.839435,2.96263,2.945218,2.382655,2.889347,3.096543,2.566409,2.815474,3.097655,2.700834,2.803395,0.292805,-0.02999409,-0.9557016,2
2.767139,3.060773,3.050344,2.754456,2.865104,2.941805,2.866665,2.473799,2.900652,3.021611,2.568292,2.804193,2.999877,2.695321,2.820667,0.3885239,-0.1360396,-0.911341,2
2.721708,3.07152,3.051197,2.776813,2.854324,2.975686,2.901252,2.54838,2.920939,2.934171,2.637405,2.887883,2.917531,2.684794,2.940934,0.4407291,-0.1554894,-0.8840706,2
2.636826,3.039563,3.064183,2.737489,2.895963,2.903609,2.811107,2.677248,2.977634,2.774379,2.791164,2.906421,2.770848,2.821082,2.976911,0.4180338,-0.1360788,-0.8981816,2
2.725407,3.040034,3.090524,2.800114,2.941457,2.963757,2.901421,2.742741,2.974002,2.95515,2.768732,2.886529,2.941686,2.874616,2.942012,0.3836043,-0.1903676,-0.9036636,2
2.673954,3.013068,3.07988,2.840754,2.94101,2.939352,2.887167,2.714663,2.946232,2.930811,2.753243,2.846291,2.969106,2.798051,2.93591,0.3435706,-0.2596921,-0.9025072,2
2.70663,3.085427,3.078383,2.920275,2.997342,2.968126,2.97861,2.82319,3.031057,2.904274,2.918509,2.972592,2.895981,2.866205,2.999297,0.2481412,-0.3214093,-0.9138501,2
2.79153,3.070208,3.099234,2.785765,3.005496,2.949828,2.959668,2.810623,3.011101,3.060268,2.757828,2.881093,3.046302,2.690838,2.918585,0.140145,-0.2129254,-0.9669654,2
2.749451,2.725267,3.027238,2.936662,2.823645,2.874979,2.936414,2.88133,3.051384,2.897238,3.021557,3.05784,2.868184,2.953591,3.113251,0.06620447,-0.1477631,-0.9868044,2
2.928737,3.075994,3.023228,2.713248,2.808358,2.789879,2.869317,2.756076,3.036595,3.040797,2.80903,2.971353,3.085165,2.823884,3.064323,0.1760767,0.0005086328,-0.9843763,2
2.785777,2.991604,3.080839,2.837639,2.94289,2.935928,2.953309,2.854693,3.020217,3.016512,2.823044,2.956391,3.055846,2.807678,2.95357,0.07668018,-0.3462929,-0.9349874,2
2.760126,3.005817,3.033193,2.810323,2.909157,2.92541,2.942624,2.942905,2.931686,2.942623,2.887137,2.882129,2.904546,2.884498,2.837246,0.2224865,-0.3691052,-0.9023641,2
2.82745,2.953216,3.073424,2.819988,2.944775,2.932036,2.959923,2.892881,2.921246,2.993195,2.859018,2.909145,2.906467,2.921658,2.86205,0.2006568,-0.3383948,-0.9193617,2
2.809708,3.004447,3.06299,2.809369,2.873722,2.883455,2.953762,2.812869,3.007533,3.079817,2.789011,2.839367,3.104414,2.824471,2.82335,0.107965,-0.2599158,-0.9595767,2
2.534052,2.635499,3.005301,2.793769,2.974182,3.069748,2.994577,3.032252,3.050365,3.080246,3.052603,2.979221,2.878224,3.058946,3.047992,-0.03954982,-0.2518615,-0.9669548,2
2.556079,2.537124,2.956554,2.746434,3.092187,3.014086,2.976121,3.087878,3.024395,3.067424,3.094859,2.997373,2.760424,2.919917,2.945021,-0.2250115,-0.8977277,-0.3787543,2
2.64783,2.855461,2.976263,2.885697,2.994126,3.009826,3.000676,3.012696,2.971517,2.990912,2.959993,3.001609,2.884817,2.914018,2.970133,-0.2173524,-0.912562,-0.3463937,2
2.69119,3.007706,3.060112,2.951524,2.974218,2.926842,3.009842,2.893759,2.991649,2.883918,2.957637,3.059801,2.788099,2.896684,3.045674,0.005618317,-0.4369436,-0.8994714,2
2.782301,3.068599,3.042971,2.936688,3.023983,2.977877,2.973672,2.914846,3.0528,2.893514,2.957923,3.027296,2.831099,2.907188,2.96688,0.1435851,-0.3422792,-0.9285625,2
2.74511,3.004484,3.062114,2.906625,2.948047,2.982036,3.005901,2.946512,2.92585,2.971038,2.858689,2.948273,2.855547,2.884824,2.882657,0.1938797,-0.3364083,-0.9215422,2
2.841607,3.032645,3.097442,2.944704,2.989685,2.982843,3.011553,2.932192,2.943064,3.075927,2.845055,3.002412,3.070188,2.887951,2.87873,0.242613,-0.2545427,-0.936134,2
2.717536,2.83483,2.965962,2.6959,2.918635,2.949416,2.820164,2.895902,3.115144,2.90872,2.982537,3.101544,3.00429,2.995666,3.106901,-0.01227372,-0.2442004,-0.9696472,2
2.65681,2.58307,2.947911,2.750379,3.018074,2.99251,2.970938,2.990767,2.980192,3.05318,2.98454,2.943008,2.92783,3.029494,3.024314,-0.02826421,-0.7847415,-0.6191785,2
2.6031,2.565171,2.99598,2.891104,3.009372,3.069925,3.067688,3.034212,3.028173,3.018928,3.076296,3.048442,2.833673,3.052001,3.01032,-0.1014174,-0.9294477,-0.3547413,2
2.684161,3.013929,3.110453,2.958623,2.992683,3.000431,2.954483,2.93256,3.011903,2.83703,2.953335,3.034949,2.830614,2.957001,3.032816,0.08326483,0.510848,-0.8556292,2
2.699412,2.952403,2.9349,3.019554,3.048782,2.987642,3.101291,3.01799,3.009112,3.132679,3.049113,3.023315,3.068801,2.86884,3.078949,-0.04618197,-0.5812944,-0.8123817,2
2.450355,2.757108,2.93843,2.91987,3.081914,3.034229,3.082907,3.101722,3.108282,3.130126,3.006131,3.07659,2.916152,3.084409,3.095367,-0.06672666,-0.9451501,-0.3197482,2
2.830725,2.785024,2.995934,2.950162,3.079403,2.994823,3.005693,3.047749,2.985725,2.9684,2.999035,3.042552,3.120125,2.868646,3.022491,-0.0561861,-0.9929412,-0.1044552,2
2.4609,2.525441,2.931261,2.700401,3.055846,3.026569,2.973744,3.037528,3.008591,3.100218,3.051961,2.924941,2.887058,3.102848,2.976468,0.07730263,-0.7117808,-0.698135,2
2.442995,2.533687,2.886916,2.685837,3.033164,3.032537,2.944687,3.053342,3.032694,3.102475,3.098642,3.000154,2.839201,3.077062,3.042539,-0.06966558,-0.9839568,-0.1642427,2
2.410669,2.604261,2.946826,2.755002,3.031623,3.050389,2.952357,3.048918,3.005151,3.091897,3.094554,2.988858,2.885533,3.095496,3.000434,-0.06581594,-0.9909611,-0.1168951,2
2.432627,2.639852,3.010226,2.761924,3.027023,3.068623,2.992244,3.055115,3.021446,3.005528,3.080996,3.019459,2.843813,3.045813,3.051394,-0.1227665,-0.9920416,-0.02796064,2
2.449214,2.658887,2.997214,2.861036,3.03677,3.07053,2.99375,3.110579,2.995151,3.029581,3.074273,3.015196,2.865769,2.965733,2.979657,-0.0751901,-0.894218,-0.4412715,2
2.758754,3.012331,3.079724,2.845173,2.958574,2.937069,2.961889,2.930428,2.959134,2.877937,2.906165,3.041386,2.794847,2.91873,2.981033,0.1099069,-0.0727775,-0.9912739,2
2.792614,3.025066,3.100273,2.930741,2.93821,2.964971,3.05357,2.939668,2.922839,2.912789,2.916577,2.950326,2.842834,2.906978,2.871621,0.1230461,-0.2568932,-0.9585747,2
2.756871,2.852838,2.973822,2.609497,2.959898,2.941437,2.792927,2.904751,3.062292,2.923887,3.040089,3.061928,2.984916,2.982264,3.082397,0.0885473,-0.1967357,-0.97645,2
2.710339,2.796211,3.018009,2.642725,2.973074,2.975167,2.776101,2.967827,3.116405,2.933854,2.997151,3.079635,3.034844,3.040986,3.094648,0.04886582,-0.7503836,-0.659194,2
2.739749,2.461236,2.943812,2.707705,3.059,3.004839,2.925815,3.071263,3.05045,3.082561,3.043943,3.023174,2.999209,3.064999,3.080788,0.04768497,-0.7777764,-0.6267297,2
2.570976,2.607305,2.96749,2.844711,3.035315,3.058486,3.052621,3.063259,3.064897,3.049263,3.135966,3.0398,2.88747,3.099001,3.068118,-0.02664393,-0.9320564,-0.3613324,2
2.623403,2.888244,3.011828,2.921662,3.071784,3.065908,3.000041,2.982977,3.051465,3.044364,2.99587,3.024179,3.074978,2.805221,3.042292,0.003955779,-0.929945,-0.3676775,2
2.519953,2.918759,2.926938,3.047214,3.092771,3.038616,3.076631,2.937137,3.049743,3.071846,2.963426,3.047888,3.001753,2.842884,3.080643,-0.1349439,-0.9350842,-0.3277313,2
2.654709,3.028695,3.072258,2.97374,2.981123,3.011567,3.065671,2.909163,3.035739,2.951745,2.941622,3.048824,2.932987,2.843254,3.075454,0.2145715,-0.3729959,-0.9026811,2
2.799549,2.978003,3.077389,2.940057,2.956427,3.011017,3.056765,2.932014,2.911624,2.973375,2.859392,2.953926,2.966565,2.884524,2.874793,0.1823967,-0.2841779,-0.9412621,2
2.771775,2.95108,3.082333,2.960592,2.957947,2.949121,3.068068,2.860682,2.940791,2.996971,2.836988,3.004787,3.012893,2.787803,2.968624,0.02893025,-0.2056032,-0.9782077,2
2.603199,2.962621,3.093499,2.922072,2.921701,2.85884,3.034881,2.878539,2.873592,3.001523,2.894658,2.913848,2.991856,2.789227,2.933419,-0.04000665,-0.2492261,-0.9676186,2
2.67786,2.564283,2.864383,2.76395,3.015698,2.984398,3.057542,3.026237,3.002801,3.037835,3.082084,2.965601,2.943359,3.072967,3.055801,-0.1134231,-0.555943,-0.8234456,2
2.897057,3.071292,3.061907,3.089002,3.068176,3.00692,3.060239,3.002732,2.983895,3.060291,2.912857,3.006426,2.959564,2.818861,3.012324,-0.1484974,-0.9499329,-0.2749109,2
2.80583,2.980727,3.014378,2.951162,3.109964,3.054739,3.039065,3.074571,3.048437,3.07903,3.015108,3.042351,3.035758,2.776519,3.044277,-0.1049225,-0.9038812,-0.4147169,2
2.737573,3.077492,3.052908,2.900909,2.959263,3.030464,2.986248,2.916,3.061665,2.973154,2.862787,2.966715,2.947888,2.766412,2.980471,0.1125999,-0.3635023,-0.9247634,2
2.77245,3.018451,3.044624,2.914958,2.94838,2.987674,3.000994,2.971337,2.958285,2.966943,2.924461,2.920259,2.952971,2.896524,2.899517,0.2142508,-0.3303559,-0.9192179,2
2.765819,2.993516,3.106824,2.908979,2.959828,2.95283,2.986433,2.917572,2.959151,2.972827,2.911649,2.954317,2.94333,2.861134,2.943227,-0.1326857,-0.8460525,-0.5163231,2
2.712008,2.999161,3.123255,2.88645,2.9607,2.951503,2.949255,2.900663,2.937376,2.980441,2.892616,2.927551,3.00579,2.879582,2.96726,-0.06500296,-0.2451793,-0.9672961,2
2.659575,2.962299,3.078013,2.858892,2.958191,2.932153,2.973518,2.870417,2.906414,3.092609,2.792389,2.90706,3.053277,2.759064,2.953054,-0.09753095,-0.2915965,-0.9515561,2
2.606898,2.965711,3.098393,2.896594,2.986906,2.936599,3.017176,2.889907,2.92734,3.015971,2.879683,2.93416,2.959454,2.880837,2.905171,-0.03562498,-0.2393571,-0.9702778,2
2.684499,3.000795,3.114674,2.867467,2.949588,2.919965,2.97831,2.859204,2.925161,3.076778,2.816436,2.914103,3.027267,2.792012,2.946326,-0.0006463865,-0.3684649,-0.9296414,2
2.686827,3.007539,3.109655,2.92767,3.006198,2.960237,3.024484,2.895794,2.950469,3.022765,2.846526,2.962038,3.015201,2.808263,3.034034,-0.01487858,-0.3963073,-0.9179974,2
2.702539,3.014977,3.116641,2.913011,3.002922,2.955976,2.980529,2.893688,2.939102,2.999148,2.900565,2.933729,2.988198,2.886903,2.99224,-0.09928109,-0.2890453,-0.9521534,2
2.599472,2.816094,3.074719,2.992003,3.061121,3.041652,3.026569,3.041757,2.976808,3.001696,3.050588,2.927659,2.747177,2.955942,2.858454,-0.03874543,-0.3091236,-0.9502323,2
2.513747,2.723531,3.025862,2.817749,3.041216,3.063146,2.997737,3.073551,3.075023,3.05455,3.083108,3.071824,2.950939,2.948642,3.058329,-0.05533724,-0.9407961,-0.3344258,2
2.686699,2.659369,2.985164,2.869585,3.064131,3.014032,3.005334,3.066735,3.019702,3.099164,3.066008,3.014586,3.012239,3.0124,2.979691,-0.04197168,-0.9654287,-0.2572658,2
2.834953,2.489817,2.793353,2.768596,3.046888,2.972226,3.000126,3.084811,2.979037,3.125102,3.026514,2.968382,2.947695,3.079604,3.008557,-0.1075597,-0.9637557,-0.2441433,2
2.730837,2.522549,2.884376,2.799037,3.079715,3.017794,2.968594,3.083078,3.033503,3.106732,3.08212,3.040952,2.947427,3.101882,3.009155,-0.09595939,-0.9900121,-0.1032853,2
2.538601,2.648817,3.018649,2.868396,3.044601,3.096192,2.984454,3.099947,3.032963,3.098519,3.092169,2.994491,2.971732,2.989151,2.929582,-0.04274287,-0.5040363,-0.8626242,2
2.714757,3.005197,3.122352,2.909928,2.963826,2.957172,3.001414,2.889294,2.932308,3.028166,2.893519,2.950029,2.995102,2.824,2.996211,-0.07158276,-0.2268055,-0.9713059,2
2.727722,3.012709,3.11347,2.902581,2.951786,2.99416,2.961674,2.940684,2.9601,2.921749,2.949906,2.967831,2.846374,2.914084,3.005039,-0.0745948,-0.2196068,-0.9727325,2
2.545197,2.670542,3.03547,2.976608,3.074995,3.001209,3.039725,3.099365,3.008401,3.04791,3.096862,3.011068,2.914226,2.890315,2.960809,-0.04376591,-0.9933171,-0.1067977,2
2.743876,3.00311,3.076354,2.901694,2.967692,2.984515,2.991178,2.803676,3.038617,3.056618,2.844046,2.945497,3.073686,2.827212,2.95855,-0.07093317,-0.9559504,-0.2848286,2
2.860472,2.630666,2.796706,2.789319,2.998701,2.937507,2.979412,3.040893,3.004238,3.058325,2.985331,3.00503,2.955056,3.049441,3.102897,-0.02133624,-0.7242179,-0.6892411,2
2.730566,3.067058,3.059177,3.024239,2.9467,3.015373,3.062829,2.979679,3.040396,2.912464,3.021138,2.981524,2.903299,2.879036,2.930143,0.05938533,-0.1618268,-0.9850307,2
3.067499,2.918453,3.084457,2.931914,2.864584,2.789505,2.837255,2.727635,3.134198,2.827016,2.879491,3.017468,2.747212,3.104659,2.895533,-0.1088611,-0.9789764,-0.1724944,2
2.628353,2.959692,3.085486,2.875142,2.927732,2.94508,3.0217,2.888117,2.948586,2.988555,2.936595,2.926959,2.956862,2.889589,2.968736,-0.04553182,-0.9833544,-0.1759,2
2.713094,2.997266,3.121068,3.006288,3.036245,3.084291,3.135261,2.924741,3.03499,2.8929,2.938943,3.059748,2.949941,2.943978,3.076283,-0.05791247,-0.9794909,-0.1929863,2
2.781497,2.592513,2.87264,2.803802,3.057591,2.937077,2.940724,3.089188,2.985008,3.038683,2.980266,2.999646,2.908199,3.110907,3.073158,-0.004217372,-0.5424646,-0.8400681,2
2.85495,2.597041,2.820693,2.867134,3.056077,2.966062,2.997223,3.047305,3.032835,3.074676,3.081495,3.021375,2.861063,3.124137,3.027376,0.06865156,-0.5004833,-0.8630199,2
2.671026,2.775983,3.026705,2.968318,2.947481,3.034671,2.979456,3.042624,3.046055,2.931472,3.038234,3.029622,2.961442,2.985525,3.050552,0.1072353,-0.3466037,-0.9318618,2
2.756047,2.529106,2.768027,2.674044,3.052083,3.015526,2.933118,3.026972,3.041095,3.009441,3.08233,3.00671,2.921934,3.060653,3.123663,0.0491778,-0.9615313,-0.2702577,2
2.699091,2.559594,2.909487,2.827506,3.004543,3.004208,3.05576,3.015496,3.012745,3.055705,3.061389,3.002259,2.886172,3.087516,3.068321,0.08772994,-0.3014839,-0.9494267,2
2.690768,2.551358,2.884074,2.87216,3.047492,2.996098,3.016851,3.064306,3.022391,3.08468,3.008614,2.980443,2.883701,3.038962,3.023988,-0.002435723,-0.9830123,-0.1835233,2
2.750272,2.539172,2.839302,2.697971,3.037492,3.020134,2.852923,3.06381,3.048167,3.020553,3.042552,3.022799,2.930257,3.088874,3.108749,0.1041343,-0.337291,-0.9356232,2
2.640069,2.750737,3.018342,2.981185,2.952403,3.038888,2.959573,3.050601,3.056034,2.97555,3.033787,2.98853,2.878338,3.02626,2.928461,0.01976036,-0.9200538,-0.3912933,2
2.466414,2.619826,2.985433,2.866367,2.985889,3.030652,2.902759,2.988989,3.091825,2.954549,2.960683,3.070793,3.086483,2.990061,3.078046,0.00506469,-0.945362,-0.3259831,2
2.536345,2.582841,2.916677,2.772137,3.025489,3.012664,2.995857,3.039981,2.973788,3.095126,3.053953,2.971135,2.917797,3.095856,2.997411,-0.001301712,-0.8846258,-0.4662998,2
2.689162,2.547871,2.996472,2.71895,2.942194,3.002882,2.919817,3.023537,3.003747,3.099279,3.077032,2.998991,2.983251,3.055408,2.989146,-0.210377,-0.9573149,-0.1982163,2
2.732974,2.97926,3.092997,2.871516,2.981361,2.938044,2.962846,2.921399,2.937633,2.984329,2.891458,2.915358,2.921026,2.880964,2.919756,-0.005447818,-0.2066612,-0.9783974,2
2.697177,3.001781,3.127308,2.90151,2.983478,2.98053,2.905529,2.904074,2.960324,2.887787,2.896125,2.968232,2.904273,2.875661,2.980046,-0.1505997,-0.2149425,-0.9649453,2
2.748216,3.021129,3.091516,2.88613,2.911767,2.946534,2.949846,2.936977,2.936232,2.921767,2.87718,2.933898,2.855387,2.906161,2.890098,-0.06310079,-0.3146978,-0.9470922,2
2.617352,3.001515,2.994392,2.858623,3.032398,3.030015,2.959204,3.000398,2.980348,2.968257,2.981093,2.939029,2.910698,2.967906,2.928274,0.158765,-0.6306713,-0.7596364,2
2.607,3.000166,2.933755,2.896099,3.102591,3.046394,3.046487,3.06116,3.010585,3.036159,3.053262,2.989605,2.88959,3.008209,2.994572,0.1816775,-0.7137948,-0.6763802,2
2.585995,2.970392,2.927294,2.876189,3.082317,3.047201,3.02692,3.077297,3.025449,3.071588,3.084291,3.019849,2.953685,3.026141,3.019588,0.216322,-0.8302178,-0.5137541,2
2.566634,2.973884,2.968636,2.900887,3.115698,3.035752,3.037966,3.070591,3.052746,3.062867,3.098855,3.069156,3.06428,3.083084,3.030651,0.2607712,-0.9198996,-0.2928875,2
2.494331,2.946003,2.968933,2.882721,3.054173,2.986054,3.001983,3.022855,3.016505,3.038736,3.043752,3.019903,3.077188,3.126142,3.010841,0.2095978,-0.9699789,-0.1233275,2
2.546363,2.926116,2.919593,2.88759,3.057278,3.000287,3.004045,2.979368,3.034162,3.031096,3.001552,3.025499,3.094521,3.099639,3.010932,0.1281929,-0.9815042,-0.1421829,2
2.516544,2.906237,2.875127,2.899727,3.055966,3.011436,3.07781,2.945626,3.089262,3.038438,2.971232,3.083738,3.075698,3.064727,3.087511,-0.06808032,-0.9968485,-0.04071892,2
2.508665,2.913624,2.777995,2.914949,3.004398,3.039655,3.076192,2.874941,3.100798,3.030732,2.939689,3.092172,3.075054,3.042476,3.076842,-0.1484637,-0.9883001,-0.03495022,2
2.554009,2.919433,2.844073,2.955189,3.074145,3.068966,3.093516,2.939693,3.128842,2.990534,2.961944,3.079639,3.018528,3.069122,3.097912,-0.169362,-0.9852371,-0.02499115,2
2.466136,2.917274,2.728736,2.908475,3.000614,3.035984,3.062189,2.852932,3.122949,2.972439,2.938178,3.107289,2.984115,3.06666,3.076695,-0.1274826,-0.9916608,-0.01889562,2
2.520886,2.864433,2.887087,2.920545,2.994395,3.080049,3.083917,2.827847,3.13033,3.000563,2.907452,3.084838,3.021187,3.036164,3.075119,-0.05661491,-0.9983347,0.0110712,2
2.534231,2.907195,2.890428,2.964644,2.993869,3.122061,3.109858,2.858004,3.115507,3.066733,2.91169,3.094387,3.082506,3.021409,3.085071,0.02852647,-0.9985535,0.04557684,2
2.508834,2.887291,2.906493,2.922495,2.950038,3.060643,3.096006,2.802459,3.104733,3.072352,2.86453,3.097167,3.014223,2.99854,3.085095,0.04969867,-0.9923884,0.1126738,2
2.49074,2.911415,2.945934,2.952057,3.068265,2.970102,3.084713,2.929845,3.060133,3.0234,2.965598,3.118702,3.009405,3.134597,3.099527,-0.04247769,-0.9952154,0.08798915,2
2.583622,2.813642,2.793655,2.93297,2.98855,3.000227,3.08622,2.836246,3.072907,3.027083,2.849758,3.078814,3.056938,3.036373,3.074759,-0.1822227,-0.9777285,0.1041242,2
2.579885,2.847418,2.760038,2.965828,2.920896,3.064268,3.097082,2.728067,3.096325,2.995334,2.814632,3.098373,3.033453,2.98582,3.0835,-0.3647842,-0.918683,0.1515059,2
2.553242,2.876941,2.707512,3.024186,3.03072,3.093057,3.117509,2.817868,3.098793,3.02542,2.857855,3.091077,3.032396,2.993079,3.093504,-0.3565369,-0.9224357,0.1483032,2
2.53656,2.898412,2.589636,2.950016,2.896983,3.064757,3.075269,2.712477,3.088583,2.972361,2.818477,3.105697,2.993879,3.00253,3.102434,-0.2291822,-0.9682173,0.1001535,2
2.519418,2.900489,3.043511,2.992886,2.973994,3.049659,3.111065,2.880448,3.114137,3.110427,2.781991,3.033585,3.070631,2.932658,3.007375,-0.126443,-0.9843391,0.1228363,2
2.492883,2.888321,2.979115,2.978658,2.931704,3.119191,3.130311,2.771823,3.113435,3.056826,2.835386,3.120265,2.971519,2.972567,3.079989,0.04434447,-0.9907959,0.1278948,0
2.479202,2.887247,2.941527,2.9718,2.910955,3.077505,3.113909,2.762296,3.089139,3.091047,2.828506,3.125883,2.992977,2.958509,3.089936,0.04028729,-0.9785413,0.2020741,0
2.461929,2.891565,2.920035,2.950735,3.020376,3.002017,3.078723,2.869051,3.103215,3.026893,2.920892,3.096396,2.987372,3.114114,3.089506,-0.03633876,-0.9854521,0.1660235,0
2.535043,2.825839,2.67135,2.94843,2.932737,3.029497,3.136322,2.736286,3.108554,3.007595,2.810343,3.081725,3.03263,3.001893,3.088779,-0.3500904,-0.9327623,0.08597164,0
2.537589,2.833328,2.749157,2.939124,2.947048,3.062241,3.119981,2.734817,3.092932,2.995425,2.804011,3.082952,3.033019,2.988329,3.074032,-0.3804203,-0.9055638,0.1877089,0
2.523272,2.888531,2.968429,2.977523,3.011665,3.077382,3.103869,2.907518,3.097579,3.069988,2.778279,3.03738,3.030856,2.895058,3.033231,-0.2925797,-0.9405326,0.1726138,0
2.509372,2.913946,3.0038,2.962436,3.018398,3.062949,3.11888,2.877198,3.082704,3.102566,2.770745,3.018774,3.042559,2.945602,3.002815,-0.2068709,-0.9612905,0.1820031,0
2.514003,2.896864,2.893934,2.933121,3.006522,3.071086,3.104079,2.873691,3.104783,3.118244,2.821402,3.09066,3.086471,2.974656,3.081273,-0.0866246,-0.9872051,0.1338736,0
2.477497,2.877334,2.912778,2.983694,2.896693,3.098459,3.118443,2.745577,3.109907,3.079175,2.810462,3.118668,2.994305,2.962504,3.080051,0.06670906,-0.9769322,0.2028631,0
2.439777,2.881752,3.015094,3.005548,3.014032,3.004026,3.114796,2.858436,3.107049,3.074233,2.891945,3.10039,2.999001,3.081043,3.089168,0.01279856,-0.9869521,0.1605041,0
2.508049,2.788369,2.844536,2.974267,2.906307,3.061084,3.102033,2.706298,3.121768,3.052864,2.74447,3.098442,3.071428,2.933203,3.079608,-0.2464358,-0.961946,0.1180222,0
2.528234,2.817863,2.759801,2.991973,2.917619,3.100231,3.111342,2.70255,3.067575,3.024744,2.749286,3.085425,3.058936,2.958286,3.078244,-0.3349612,-0.9144214,0.2272323,0
2.530109,2.869652,2.887625,2.957917,3.026387,3.100924,3.119201,2.829627,3.116343,3.029091,2.781665,3.091859,3.030786,2.894191,3.075748,-0.3456694,-0.9255354,0.1545865,0
2.48591,2.901446,2.874221,2.944986,2.913285,3.125446,3.106814,2.731828,3.080862,2.978919,2.827348,3.103625,2.998448,3.005628,3.066847,-0.1406909,-0.9800835,0.1401521,0
2.454496,2.887395,2.822674,2.947666,2.9397,3.108733,3.116604,2.76256,3.086361,3.018414,2.832063,3.104796,3.013071,3.015452,3.077746,-0.02049818,-0.9898407,0.1406953,0
2.47233,2.904573,2.871466,2.953258,2.8818,3.117765,3.111818,2.730974,3.088542,3.053707,2.788997,3.108087,3.012651,2.974167,3.0735,0.06187187,-0.9876515,0.1439314,0
2.41149,2.875015,3.062032,2.949821,3.002408,3.065555,3.105635,2.800641,3.097441,3.047144,2.830651,3.095639,2.962832,3.045529,3.051501,0.05074871,-0.9805652,0.1895162,0
2.441826,2.84342,2.992625,3.034389,2.993897,3.037525,3.117145,2.815758,3.104789,3.070521,2.872234,3.075711,2.949995,3.12865,3.09579,-0.03279063,-0.9776353,0.2077351,0
2.554744,2.779363,2.861374,2.991493,2.899255,3.068625,3.09129,2.7225,3.10099,3.047275,2.741438,3.092596,3.087531,2.935871,3.092381,-0.3188007,-0.9395895,0.1246502,0
2.489422,2.842739,2.786699,2.986972,3.023602,3.125866,3.121727,2.804908,3.132525,3.021514,2.799643,3.090695,3.011027,2.927948,3.083172,-0.3799761,-0.8943002,0.236316,0
2.542231,2.85867,2.891919,2.957565,2.901154,3.12569,3.111316,2.732293,3.073954,2.986846,2.829844,3.087122,3.030267,2.996397,3.054732,-0.1732367,-0.9717342,0.1603794,0
2.464653,2.895955,2.875909,2.96367,2.921685,3.122647,3.110303,2.744001,3.063888,3.017966,2.816794,3.092025,3.019127,2.989286,3.0705,-0.04081473,-0.9801403,0.1940597,0
2.434827,2.884745,2.831519,2.983298,2.886964,3.077928,3.103393,2.742552,3.118025,3.096248,2.799125,3.099131,2.999101,2.944262,3.076413,0.05078942,-0.9902232,0.1299172,0
2.446378,2.870954,3.023726,2.950015,2.890253,3.06122,3.115685,2.742838,3.123961,3.083995,2.792266,3.110071,3.030307,2.94342,3.063481,0.01461763,-0.975169,0.220979,0
2.405149,2.85368,2.974936,3.053038,3.017966,3.019414,3.09569,2.832164,3.110203,3.079472,2.870718,3.081244,2.963509,3.123668,3.105452,-0.001670064,-0.9808926,0.1945429,0
2.623644,2.764915,2.937964,3.001135,2.899855,3.065881,3.085364,2.732483,3.094467,3.060328,2.76254,3.10202,3.077429,2.960343,3.096227,-0.3169785,-0.9369603,0.147071,0
2.559109,2.778682,2.919685,3.002434,3.042883,3.126715,3.092237,2.812733,3.112539,3.0442,2.783613,3.090281,3.048024,2.895216,3.074035,-0.4032595,-0.8767782,0.2619957,0
2.507959,2.821959,3.048669,2.958771,2.972189,3.053745,3.074415,2.889949,3.117695,3.100965,2.750328,3.078346,3.082587,2.850009,3.060734,-0.3636849,-0.9204529,0.1431771,0
2.515227,2.889501,3.038304,2.930254,2.930012,3.020689,3.106003,2.883982,3.070688,3.112801,2.814906,3.074222,3.124309,2.899408,3.058644,-0.08135048,-0.9729303,0.216307,0
2.437031,2.87272,2.912563,2.946218,2.876482,3.067606,3.103784,2.753991,3.125775,3.098135,2.826519,3.115963,3.044666,2.925189,3.064579,0.03041131,-0.9869694,0.1580081,0
2.412894,2.826406,2.993881,3.037895,2.977181,3.013459,3.095622,2.792783,3.091424,3.083143,2.848921,3.06624,2.980666,3.097899,3.097621,0.02171455,-0.9717279,0.2351028,0
2.46084,2.872772,2.92474,2.969633,2.986128,2.994006,3.090479,2.784039,3.113437,3.029225,2.85029,3.048908,3.006822,3.129456,3.050178,-0.1267253,-0.979726,0.1551695,0
2.618444,2.784889,2.960301,2.973043,2.934081,3.118556,3.12341,2.74145,3.048574,2.97262,2.791785,3.058252,3.04195,2.944958,3.039912,-0.3984019,-0.881382,0.2538538,0
2.627773,2.78966,2.962384,2.952822,2.944945,3.09572,3.138457,2.753381,3.053272,2.981889,2.789047,3.043634,3.045887,2.948199,3.035036,-0.3864515,-0.898264,0.2092296,0
2.586336,2.780849,3.006158,2.959218,2.927358,3.118965,3.113919,2.771238,3.055178,2.996922,2.828042,3.06221,3.063386,2.925973,3.031983,-0.2455625,-0.957909,0.1486919,0
2.496474,2.907684,3.043465,2.914644,2.901714,3.020432,3.114664,2.8935,3.06473,3.098608,2.800509,3.059679,3.104396,2.868449,3.053281,-0.1155868,-0.9631552,0.2428412,0
2.453762,2.897488,2.863467,2.943945,2.881039,3.087721,3.123644,2.757519,3.102083,3.05708,2.815754,3.109566,3.056745,2.977313,3.068013,0.0775359,-0.9876279,0.1363064,0
2.361715,2.886551,2.957428,3.094518,2.986068,3.047653,3.05922,2.794081,3.109256,3.08324,2.827046,3.055814,2.975665,3.124602,3.089318,0.05508366,-0.9783698,0.1993945,0
2.429977,2.845204,2.947748,3.018175,3.020258,2.933666,3.064572,2.811647,3.086472,3.041492,2.894374,3.052104,3.056344,3.117229,3.0687,-0.05821787,-0.9801852,0.1893348,0
2.621344,2.773484,3.008566,2.96652,2.871469,3.117084,3.094461,2.695038,3.074349,3.004114,2.726835,3.072711,3.077664,2.895338,3.058978,-0.3754935,-0.9051234,0.1993896,0
2.45408,2.791974,3.07834,2.988906,3.014661,3.020866,3.074727,2.876777,3.097003,3.088085,2.788019,3.101351,3.088343,2.892008,3.078203,-0.3994395,-0.8947943,0.1994776,0
2.527058,2.891953,3.016082,2.90781,2.909646,3.024625,3.089307,2.882819,3.060369,3.096816,2.754205,3.071673,3.064647,2.841688,3.05329,-0.3140819,-0.9410812,0.1253741,0
2.492522,2.891737,3.067482,2.911892,2.92144,3.060405,3.118679,2.878987,3.095392,3.082298,2.784923,3.074799,3.098736,2.869366,3.083842,-0.1792094,-0.9669221,0.1815093,0
2.417114,2.91614,2.74135,2.930704,2.964771,3.082303,3.114641,2.830117,3.091556,3.086766,2.869265,3.126735,3.113054,2.962605,3.102518,-0.01877948,-0.9827251,0.1841158,0
2.401174,2.871666,2.907079,2.980962,2.880511,3.091999,3.107483,2.718669,3.108194,3.0711,2.770913,3.108128,3.045552,2.936831,3.071249,0.02994379,-0.9736978,0.2258675,0
2.451628,2.814716,2.932795,3.058014,3.016372,2.971281,3.0448,2.814098,3.081015,3.03053,2.879315,3.056641,3.054123,3.117069,3.073817,-0.07574709,-0.9862014,0.1472046,0
2.630539,2.793428,2.944581,2.939661,2.932258,3.084851,3.120889,2.74987,3.07292,3.002267,2.796042,3.057887,3.060734,2.969747,3.041131,-0.3959176,-0.8917691,0.2190827,0
2.257047,2.641802,3.010099,2.575227,2.558483,2.995345,2.650511,2.347113,2.926203,2.641793,2.346572,2.893646,2.566358,2.389164,2.88391,-0.3827085,-0.9090294,0.1649233,0
2.582295,2.782886,3.020298,2.586243,3.010594,2.938961,2.663897,2.883889,2.938532,2.814384,2.755859,2.884535,2.86347,2.728116,2.932987,-0.4578603,0.8887533,0.02194228,0
2.254236,2.633612,3.010659,2.460543,2.385866,3.050465,2.568215,2.160086,2.916437,2.595406,2.145446,2.883724,2.497514,2.216157,2.860181,0.04352149,-0.9864964,0.1578953,0
2.526228,2.650233,2.862991,2.574211,2.712239,2.828465,2.564002,2.347063,2.880024,2.654896,2.35373,2.776152,2.609579,2.468948,2.786353,-0.3925458,0.9040675,0.1690262,0
2.610499,2.74967,2.831042,2.545993,2.672171,2.83118,2.458748,2.351729,2.835293,2.567613,2.356887,2.666162,2.581916,2.465266,2.68888,-0.4080015,0.8745202,0.2622008,0
2.718513,2.988254,3.028849,2.652654,2.861728,2.590539,2.768495,2.541199,2.501191,2.834354,2.259042,2.500397,2.719275,2.371619,2.658507,-0.4895583,0.8683429,0.07945555,0
2.639047,2.993938,3.021177,2.654371,2.684875,2.121758,2.776977,2.269557,2.212115,2.837001,1.971445,2.384095,2.683693,2.146263,2.647134,-0.4911579,0.8670696,0.08339194,0
2.451836,2.559559,2.707046,2.525718,2.580517,2.790464,2.213561,1.669134,2.474523,1.92222,1.790584,2.114466,1.786353,1.880004,2.237534,-0.3597173,-0.9197447,0.1570766,0
2.433001,2.849471,3.078747,2.88502,2.972569,3.075384,3.062707,2.891661,3.068413,3.138352,2.758953,3.063741,3.036589,2.829551,3.024879,-0.4824548,0.8016615,-0.3529537,0
2.467206,2.89614,3.07088,2.911022,2.937314,3.048027,3.077072,2.860279,3.083387,3.121925,2.757476,3.084309,3.084186,2.858969,3.060164,-0.1351606,-0.9702877,0.200682,0
2.49424,2.942465,2.699157,2.952305,2.95943,3.081992,3.106922,2.833429,3.089161,3.102617,2.889038,3.115041,3.092436,2.987865,3.087734,0.02412088,-0.9842388,0.175192,0
2.410208,2.906767,2.957978,3.038417,2.975864,3.047585,3.068128,2.800107,3.085918,3.094185,2.810297,3.065851,3.030204,3.081846,3.090197,0.1104088,-0.9769707,0.1825875,0
2.358206,2.890385,2.910695,2.999497,3.036852,3.021305,3.082647,2.779734,3.11194,3.068813,2.822951,3.078569,2.944343,3.074246,3.069724,-0.0464847,-0.982626,0.1796814,0
2.400949,2.880813,2.931051,2.845033,2.985781,3.004232,3.113968,2.760344,3.106273,3.02697,2.836933,3.031453,2.901254,2.985465,2.943116,-0.1750517,-0.9695377,0.1713288,0
2.429419,2.756463,2.839799,2.93219,2.972439,3.081693,3.117518,2.751876,3.083979,2.968696,2.811608,3.048627,2.908198,2.900665,3.023118,-0.3942652,-0.9018874,0.1765056,0
2.515034,2.860157,3.110716,2.791289,2.934704,3.079453,3.043425,2.89344,3.07024,3.080215,2.827842,3.056769,3.096287,2.946817,3.074008,-0.2604237,-0.9453748,0.1960762,0
2.534736,2.942041,3.03149,2.792124,2.864074,3.076662,3.037607,2.870383,3.046105,3.095756,2.79087,3.006915,3.06856,2.865094,2.987562,-0.1457255,-0.9818774,0.1211643,0
2.578547,2.898759,2.857649,2.961183,3.012313,3.078307,3.101018,2.905743,3.107029,3.094704,2.90518,3.092877,3.110033,2.993622,3.063389,0.08463477,-0.9906029,0.1074381,0
2.704769,2.797653,2.95239,2.405184,2.61163,2.907604,2.323412,2.698125,2.904099,2.319129,2.641307,2.790215,2.374472,2.656598,2.847208,-0.5634239,0.7255949,-0.3950512,0
2.355559,2.797782,2.859693,2.902027,3.093879,2.885899,3.082047,2.895805,3.022522,3.064443,2.832352,3.06169,2.994027,3.041148,3.023336,-0.6814657,0.7016925,-0.2079234,0
2.478708,2.74715,2.966014,2.944552,2.932854,3.034341,3.087888,2.775006,3.115703,3.059292,2.797321,3.093991,3.028926,2.984094,3.062886,-0.2555473,-0.966516,-0.02329147,0
2.578622,2.78933,2.71313,2.659581,1.739703,2.531664,2.259006,2.018694,2.340289,2.049078,2.22251,2.248074,1.883834,2.441972,2.424896,-0.6319221,0.6685346,-0.3920916,0
2.402468,2.557408,2.903504,2.447202,2.225136,2.817222,2.472517,1.922226,2.758192,2.512993,1.917866,2.749909,2.518228,1.945785,2.770622,-0.290464,-0.9393434,0.1823859,0
2.497183,2.859739,2.902626,2.738026,2.475161,2.86448,2.960063,2.60436,3.128161,3.05233,2.452609,3.034165,3.042777,2.693996,2.918849,-0.4015042,0.9081428,0.1186212,0
2.535907,2.879754,2.991098,2.946051,2.982878,3.051789,3.084375,2.882247,3.094622,3.11644,2.862276,3.124682,3.110276,2.987898,3.096809,-0.36955,0.8382795,0.4008993,0
2.539547,2.890652,3.100104,2.659121,2.887214,2.780265,2.511201,2.680666,2.858346,2.554422,2.546961,2.747442,2.564997,2.645234,2.839709,-0.4692891,0.8782013,-0.09235936,0
2.452696,2.613645,2.83951,2.067593,1.919466,2.892889,2.084703,1.95929,2.838197,2.081401,1.974959,2.698155,2.085987,1.993201,2.686712,0.04856098,-0.9936153,0.1018356,0
2.797867,2.948823,3.040833,2.97221,3.088125,2.876924,3.03126,2.850341,2.977248,3.048543,2.817266,2.844566,3.039132,2.903459,2.968769,-0.4063076,0.8969011,0.1745928,0
2.536403,2.743575,2.974312,2.933825,3.01105,2.995106,3.068572,2.869647,3.135563,2.93398,2.908721,3.011767,2.925446,3.086688,3.022347,-0.3841093,-0.9211944,0.06213605,0
2.535655,2.716107,2.960487,2.93522,2.984882,3.073835,3.086491,2.793954,3.079819,2.95616,2.855874,3.088842,2.967211,2.94188,3.068895,-0.4283001,-0.8916931,0.1464321,0
2.628781,2.954295,3.018175,2.759533,2.943924,3.042635,2.947879,2.865283,3.089093,3.025291,2.885388,2.993519,2.898291,3.010861,2.931484,-0.2227495,-0.9685299,0.1110518,0
2.529983,2.929417,3.019388,2.790674,2.908049,3.076679,3.039273,2.822199,3.066207,3.033486,2.747836,3.039348,3.030587,2.848896,3.082057,-0.06754483,-0.9925926,0.1009831,0
2.519639,2.866507,2.977218,2.91012,2.990681,3.02845,3.089734,2.890682,3.086944,3.128141,2.897211,3.122541,3.123397,3.008098,3.090663,0.1379448,-0.9851905,0.1018371,0
2.451118,2.856588,2.96546,2.934619,2.990563,3.036151,3.127962,2.807375,3.063626,3.065999,2.831198,3.078705,2.969543,2.977489,3.058629,0.2479188,-0.9578936,0.1448314,0
2.676493,2.807754,2.766899,2.913699,2.847338,2.949274,3.064256,2.834717,3.094147,3.043187,2.963152,3.098042,3.071424,2.913166,3.042827,0.05687795,-0.9946544,0.08618274,0
2.35268,2.905336,2.925761,2.799736,2.929106,2.816294,3.05878,2.83318,3.043101,2.998149,2.974193,3.103004,3.065563,2.862316,3.047508,-0.1466161,-0.9841453,0.09980807,0
2.598265,2.69387,2.973303,2.912446,2.992079,3.059918,3.099257,2.788806,3.069484,2.938198,2.852456,3.077868,2.953275,2.964017,3.042492,-0.5125508,-0.8375417,0.1892499,0
2.623796,2.810657,2.850299,2.76514,2.964436,3.081488,2.923748,2.939064,3.063621,3.076168,2.817729,3.086286,3.087011,2.890509,3.049382,-0.4102675,-0.9039262,0.1208225,0
2.512416,2.935708,3.027813,2.803762,2.848661,3.094399,3.01611,2.824642,3.138012,3.039217,2.789038,3.068412,3.055436,2.914393,3.112205,-0.2503326,-0.9531399,0.1698761,0
2.516288,2.882685,2.913979,2.939194,3.004992,3.104342,3.136995,2.858487,3.112477,3.064803,2.894361,3.128668,3.105199,2.981684,3.082223,0.1416689,-0.983891,0.109035,0
2.366694,2.873204,3.034297,2.974161,3.047883,3.051388,3.128714,2.860933,3.103652,3.111073,2.861356,3.107653,3.035744,3.042832,3.097002,0.1956716,-0.9684897,0.1540785,0
2.327214,2.810128,2.934966,2.989573,3.04965,2.947582,3.090852,2.802795,3.085176,3.066379,2.878545,3.129283,2.915642,3.102962,3.081846,0.07762196,-0.9859786,0.1477196,0
2.287872,2.811142,2.915652,2.862102,3.019347,2.861833,3.104545,2.804358,3.070838,3.033251,2.819027,3.09722,3.030558,3.097389,3.065428,-0.05957197,-0.9856848,0.1577229,0
2.493925,2.745173,2.975339,2.918955,2.949736,2.972892,3.078106,2.700287,3.09172,3.020729,2.780285,3.083976,2.977368,2.958495,3.088657,-0.2951678,-0.9455215,0.1373499,0
3.080569,2.988563,2.892808,2.198673,2.308112,2.852824,2.114326,2.056292,2.832427,2.142,2.168961,2.966864,2.386267,2.603206,3.072984,-0.3537425,-0.9143524,0.1970429,0
2.722787,2.902247,3.029222,1.970697,1.533811,2.644247,1.816692,1.777526,2.451406,1.776115,1.793312,2.409781,1.765955,2.083486,2.300621,-0.4509281,-0.7815567,-0.4310834,0
2.871241,2.888994,3.025504,2.214126,2.852887,2.860206,2.378346,2.506225,2.648491,2.593721,2.14727,2.329764,2.675872,1.954391,2.397994,-0.2282448,-0.7638951,-0.6036295,0
2.671353,2.807652,2.888584,2.458769,1.123809,2.789151,2.304927,1.246701,2.497457,2.273704,1.203815,2.540954,2.17327,1.578729,2.529773,0.1262741,-0.9752904,0.181283,0
2.826923,2.845731,3.09357,2.226093,2.314045,2.83826,2.153808,1.846875,2.842418,2.079512,1.60085,2.716647,2.033925,1.844205,2.561738,-0.4708947,-0.8316425,-0.2943279,0
2.681133,2.721098,3.086201,2.333435,1.678725,2.605554,2.340722,1.338414,2.53759,2.248681,1.340989,2.491321,2.163921,1.487256,2.395464,-0.4191234,-0.9062179,-0.05571895,0
2.668338,2.794059,3.095819,2.158229,2.084829,2.688442,2.111946,1.560984,2.577237,2.074995,1.460299,2.522205,2.117617,1.473253,2.494975,-0.4729591,-0.8676113,-0.1534934,0
2.615343,2.783206,3.118847,2.153823,1.889214,2.628192,2.020164,1.584304,2.611691,1.989871,1.461189,2.611821,2.016947,1.524306,2.510277,-0.5014032,-0.850157,-0.1607107,0
2.553402,2.772255,3.035144,2.079565,1.893767,2.666663,1.862253,1.691869,2.621205,1.834795,1.554294,2.61998,1.85676,1.611688,2.500562,-0.4910418,-0.851557,-0.1836533,0
2.517298,2.780437,3.067171,2.011833,1.561141,2.701052,1.813836,1.612679,2.580632,1.780221,1.52185,2.594786,1.730503,1.648286,2.465841,-0.4537558,-0.8745438,-0.1711105,0
2.498966,2.878695,3.054627,1.908688,1.484295,2.625015,1.685776,1.543355,2.521807,1.681264,1.483541,2.605772,1.695356,1.593738,2.514951,-0.4727771,-0.8469785,-0.2431237,0
2.514994,2.87874,3.07315,1.935341,1.5612,2.674429,1.71986,1.579027,2.622891,1.764931,1.489341,2.6947,1.829853,1.653177,2.574937,-0.4741873,-0.8157888,-0.3311118,0
2.46876,2.865797,3.057841,1.985135,1.623521,2.644663,1.77471,1.613691,2.538539,1.807274,1.511211,2.617664,1.789748,1.672146,2.488586,-0.4598444,-0.8325438,-0.3088913,0
2.449571,2.893556,3.011175,2.003747,1.64082,2.479006,1.645692,1.529388,2.352193,1.624437,1.535126,2.462767,1.654972,1.662969,2.412724,-0.4332324,-0.8182498,-0.3778584,0
2.34266,2.873575,3.036067,1.964884,1.645902,2.527508,1.596867,1.561171,2.212739,1.548132,1.589886,2.341814,1.482458,1.731735,2.333711,-0.4110934,-0.8420367,-0.3492512,0
2.303681,2.859257,3.033505,2.190969,2.112609,2.588758,1.820888,1.619153,2.359197,1.738107,1.575444,2.43915,1.642425,1.693543,2.315042,-0.3961008,-0.8294298,-0.3938912,0
2.322214,2.843414,2.987859,2.135869,2.123877,2.547969,1.763242,1.606545,2.34622,1.69209,1.581408,2.448722,1.644162,1.696733,2.329065,-0.3558917,-0.8503825,-0.3875445,0
2.345939,2.849734,3.030923,2.164868,1.767156,2.559647,1.784734,1.628139,2.429296,1.673259,1.613842,2.50212,1.608105,1.693134,2.42852,-0.3677971,-0.7912539,-0.4885105,0
2.314696,2.74989,3.074162,2.259249,1.829818,2.632706,1.929726,1.584633,2.604095,1.744426,1.583178,2.598794,1.620204,1.728516,2.514257,-0.369771,-0.7456335,-0.5543466,0
2.319652,2.901919,3.07512,2.412467,1.753038,2.652234,1.827136,1.567438,2.568424,1.616593,1.642244,2.608931,1.542131,1.760274,2.497652,-0.3594444,-0.7229363,-0.5900532,0
2.312915,2.945653,3.01222,2.451919,1.641563,2.616108,1.972753,1.511639,2.47983,1.655497,1.607739,2.451786,1.484419,1.803545,2.203918,-0.3689958,-0.6694732,-0.6447075,0
2.46417,2.850313,2.508521,2.579932,1.652655,2.471475,2.207538,1.331566,2.48513,1.780964,1.479928,2.457247,1.549312,1.721903,1.900535,-0.3977577,-0.5755669,-0.7145009,0
2.471748,2.914088,2.977442,2.568721,1.601879,2.642742,1.88819,1.638836,2.329905,1.615343,1.641338,2.345038,1.381231,1.912164,2.037331,-0.3826998,-0.9043038,0.1891441,0
2.854146,2.840167,2.577789,2.420432,2.001982,2.827776,2.102833,1.940299,3.081639,2.009531,2.268734,3.020706,2.090929,2.54534,2.937037,-0.2609472,-0.9430687,0.206223,0
2.495643,2.86254,3.063982,2.98563,2.993482,3.081936,3.128531,2.888175,3.110152,3.095593,2.815253,3.099786,3.107469,2.931309,3.074612,-0.3781816,-0.4913076,-0.7845989,0
2.52052,2.863941,3.042704,2.898716,2.970017,3.047352,3.063815,2.826341,3.099613,3.049974,2.892809,3.093616,3.016593,3.024343,3.060655,0.1782957,-0.9762971,0.1226974,0
2.470646,2.834331,2.980737,2.908006,2.991769,3.064507,3.057581,2.809723,3.07536,3.071553,2.816519,3.074312,3.027936,2.984507,3.054414,0.1732358,-0.9760956,0.1312515,0
2.470085,2.774774,3.026463,2.957321,3.028812,2.984735,3.106553,2.821899,3.082503,3.075209,2.888205,3.115225,3.009721,3.081966,3.095538,0.01343741,-0.9944412,0.1044323,0
2.557851,2.70481,3.084781,2.931466,2.965331,3.013044,3.098043,2.735251,3.090561,3.046167,2.725822,3.083505,3.026134,2.899996,3.078142,-0.2122921,-0.9592685,0.186376,0
2.4894,2.708511,3.082526,2.932796,2.945783,3.058201,3.100036,2.776098,3.105176,2.975718,2.870021,3.10851,2.917671,3.00612,3.083242,-0.308978,-0.9311557,0.1936017,0
2.510984,2.815514,3.026466,2.953256,2.962601,3.092582,3.105105,2.874104,3.107414,3.085633,2.800869,3.08913,3.101644,2.914033,3.058515,-0.1540688,-0.9725296,0.1744964,0
2.575524,2.846256,3.020194,2.961582,2.991812,3.070183,3.124159,2.883303,3.095976,3.107959,2.845136,3.087244,3.129924,2.967932,3.072811,-0.02884544,-0.9907091,0.1329044,0
2.539397,2.868057,3.053316,2.900063,2.994338,3.045946,3.070413,2.849881,3.096112,3.049567,2.919303,3.085275,3.021161,3.053603,3.060718,0.2070311,-0.9686769,0.137125,0
2.334564,2.831483,3.061413,2.960687,3.059241,3.004662,3.089206,2.890084,3.091667,3.111284,2.887555,3.101886,3.049666,3.058391,3.115848,0.1309588,-0.9810624,0.1427104,0
2.461077,2.821838,3.028603,2.923766,3.051614,2.960671,3.11301,2.883983,3.067605,3.064119,2.907926,3.127652,3.015043,3.074702,3.107133,-0.04947437,-0.9891949,0.1380065,0
2.511218,2.711144,3.046932,2.928222,2.975512,3.027089,3.097234,2.744117,3.094718,3.035487,2.756721,3.089806,3.020457,2.903692,3.081684,-0.2442129,-0.965419,0.09124751,0
2.474844,2.752672,3.043052,2.914554,2.971783,3.047068,3.104379,2.782271,3.120028,2.975641,2.869803,3.096804,2.940273,3.010519,3.071472,-0.3449486,-0.9235659,0.1674411,0
2.534522,2.799138,2.958038,2.949543,3.012581,3.077374,3.094596,2.908962,3.099969,3.101351,2.824565,3.089153,3.114917,2.903459,3.057009,-0.1892946,-0.9741845,0.1230129,0
2.575433,2.850286,3.019971,2.969122,2.995044,3.06543,3.121742,2.884225,3.087392,3.087186,2.840136,3.071885,3.108467,2.967776,3.055575,-0.03998818,-0.9958411,0.08186135,0
2.542638,2.879468,3.035634,2.907626,2.954838,3.073132,3.059141,2.83614,3.10877,3.042759,2.914957,3.100043,3.058326,3.014559,3.087821,0.1057824,-0.9808215,0.1637051,0
2.509342,2.824777,3.075775,2.92409,2.912317,3.060752,3.092255,2.75749,3.114903,3.089839,2.825458,3.105553,3.039645,3.000609,3.079094,0.1032508,-0.9856181,0.1337771,0
2.449912,2.838428,2.954122,2.938984,3.035258,2.948649,3.127179,2.876505,3.077637,3.038702,2.92544,3.135434,2.954726,3.122009,3.105489,-0.03031575,-0.9984941,0.04572101,0
2.445261,2.777746,2.866125,2.922234,2.962541,3.065797,3.116264,2.74816,3.115164,3.013625,2.814007,3.098523,2.993041,2.995797,3.085724,-0.2592326,-0.9591923,0.1129094,0
2.458,2.799136,2.913727,2.955981,3.039729,3.106388,3.127925,2.852431,3.129094,3.040593,2.879485,3.062012,3.059538,2.9878,3.048845,-0.2704531,-0.9565018,0.109359,0
2.493857,2.814953,2.93028,2.955693,3.055053,3.064473,3.12932,2.887596,3.104856,3.056328,2.902235,3.078019,3.080317,2.999901,3.063441,-0.2030327,-0.9743502,0.09705416,0
2.490382,2.833683,2.910783,2.941578,3.030853,3.10171,3.112353,2.873056,3.124599,3.092572,2.868669,3.090384,3.11709,2.990119,3.088992,-0.08063444,-0.9931372,0.08471435,0
2.440792,2.881826,2.861947,2.920766,2.960601,3.049865,3.09321,2.810374,3.104191,3.063653,2.890374,3.105135,3.049252,3.019402,3.090057,0.02431859,-0.9956546,0.08989079,0
2.524887,2.831733,2.858286,2.922505,3.004807,2.98322,3.071751,2.8749,3.070594,3.059703,2.868392,3.074493,3.069315,3.027152,3.051572,-0.01546221,-0.9978185,0.06418027,0
2.493225,2.816046,2.881497,2.941666,2.960037,3.021221,3.094595,2.763547,3.098743,2.993844,2.805946,3.074461,3.036903,2.964163,3.046349,-0.128048,-0.9857875,0.1087508,0
2.419184,2.882012,2.760757,2.950746,2.955468,3.063764,3.111215,2.804384,3.130801,3.036082,2.84951,3.070484,3.059913,2.990284,3.056776,-0.1694917,-0.9795952,0.1080076,0
2.501763,2.874951,2.948381,2.934606,3.001384,3.104982,3.103844,2.90333,3.111249,3.010668,2.935928,3.099588,3.076686,3.006977,3.064652,-0.152116,-0.983969,0.09309064,0
2.537695,2.883634,2.984052,2.929623,2.992562,3.086193,3.095567,2.921347,3.102067,3.013614,2.96613,3.092873,3.076418,3.037077,3.057396,-0.1406849,-0.9865265,0.08350591,0
